Group,Sample,Path,Shape,RawTrueFraction,FinalPorosity,Inverted,CleanPorosity,SmallObjectMinSize,Connectivity,NumPores,NumThroats,MeanCN_AllPores,MeanCN_ConnectedPores,MedianCN_AllPores,MaxCN,FracCN0,FracCN1,FracCN2,FracCN_ge3,FracCN_ge4,RuntimeSeconds
GT,sample_z0_y0_x0.npy,..\dataset\NPY\Bentheimer\sample_z0_y0_x0.npy,256x256x256,0.7425366640090942,0.25746333599090576,True,0.25722700357437134,34,3,1494,2177,2.9143239625167334,3.2395833333333335,2.0,58,0.10040160642570281,0.3507362784471218,0.10910307898259705,0.4397590361445783,0.33400267737617134,26.03475546836853
GT,sample_z0_y0_x128.npy,..\dataset\NPY\Bentheimer\sample_z0_y0_x128.npy,256x256x256,0.7592529058456421,0.2407470941543579,True,0.24052298069000244,34,3,1632,2386,2.924019607843137,3.27522306108442,2.0,25,0.10723039215686274,0.3272058823529412,0.10600490196078431,0.45955882352941174,0.33455882352941174,19.520164489746094
GT,sample_z0_y0_x256.npy,..\dataset\NPY\Bentheimer\sample_z0_y0_x256.npy,256x256x256,0.718539297580719,0.281460702419281,True,0.2812280058860779,34,3,1698,2430,2.862190812720848,3.222811671087533,2.0,27,0.11189634864546526,0.3504122497055359,0.10777385159010601,0.4299175500588928,0.30918727915194344,20.523380279541016
GT,sample_z0_y0_x384.npy,..\dataset\NPY\Bentheimer\sample_z0_y0_x384.npy,256x256x256,0.7071893811225891,0.2928106188774109,True,0.2925528287887573,34,3,1704,2339,2.745305164319249,3.0980132450331124,2.0,27,0.11384976525821597,0.38086854460093894,0.1068075117370892,0.3984741784037559,0.2857981220657277,23.068681240081787
GT,sample_z0_y0_x512.npy,..\dataset\NPY\Bentheimer\sample_z0_y0_x512.npy,256x256x256,0.706949770450592,0.29305022954940796,True,0.2928099036216736,34,3,1743,2401,2.755020080321285,3.0782051282051284,2.0,60,0.10499139414802065,0.3843947217441193,0.102122776821572,0.408491107286288,0.2862880091795754,22.968515872955322
GT,sample_z0_y0_x640.npy,..\dataset\NPY\Bentheimer\sample_z0_y0_x640.npy,256x256x256,0.7088456153869629,0.2911543846130371,True,0.2908831834793091,34,3,1872,2692,2.876068376068376,3.1857988165680475,2.0,58,0.09722222222222222,0.3712606837606838,0.1063034188034188,0.4252136752136752,0.31677350427350426,24.62419080734253
GT,sample_z0_y128_x0.npy,..\dataset\NPY\Bentheimer\sample_z0_y128_x0.npy,256x256x256,0.7479481101036072,0.2520518898963928,True,0.2518274188041687,34,3,1632,2379,2.9154411764705883,3.2323369565217392,2.0,36,0.09803921568627451,0.35355392156862747,0.11029411764705882,0.4381127450980392,0.3327205882352941,21.020002841949463
GT,sample_z0_y128_x128.npy,..\dataset\NPY\Bentheimer\sample_z0_y128_x128.npy,256x256x256,0.7244104743003845,0.2755895256996155,True,0.2753891348838806,34,3,1705,2645,3.102639296187683,3.430609597924773,2.0,35,0.09560117302052785,0.32199413489736073,0.11026392961876832,0.47214076246334313,0.3519061583577713,21.948350191116333
GT,sample_z0_y128_x256.npy,..\dataset\NPY\Bentheimer\sample_z0_y128_x256.npy,256x256x256,0.7270470261573792,0.27295297384262085,True,0.2727091908454895,34,3,1761,2659,3.0198750709823963,3.370088719898606,2.0,29,0.10391822827938671,0.34128336172629187,0.11584327086882454,0.4389551391254969,0.3316297558205565,21.450326919555664
GT,sample_z0_y128_x384.npy,..\dataset\NPY\Bentheimer\sample_z0_y128_x384.npy,256x256x256,0.7400908470153809,0.25990915298461914,True,0.2596307396888733,34,3,1646,2270,2.75820170109356,3.1267217630853996,2.0,25,0.11786148238153099,0.3626974483596598,0.12818955042527339,0.39125151883353587,0.2910085054678007,20.434619903564453
GT,sample_z0_y128_x512.npy,..\dataset\NPY\Bentheimer\sample_z0_y128_x512.npy,256x256x256,0.7244753241539001,0.27552467584609985,True,0.27527815103530884,34,3,1750,2533,2.894857142857143,3.218551461245235,2.0,55,0.10057142857142858,0.36914285714285716,0.10914285714285714,0.42114285714285715,0.3062857142857143,23.088685750961304
GT,sample_z0_y128_x640.npy,..\dataset\NPY\Bentheimer\sample_z0_y128_x640.npy,256x256x256,0.7331427335739136,0.2668572664260864,True,0.2665831446647644,34,3,1798,2623,2.917686318131257,3.246287128712871,2.0,53,0.10122358175750834,0.3631813125695217,0.10567296996662959,0.42992213570634036,0.31090100111234703,23.303929805755615
GT,sample_z0_y256_x0.npy,..\dataset\NPY\Bentheimer\sample_z0_y256_x0.npy,256x256x256,0.7291280031204224,0.27087199687957764,True,0.27063482999801636,34,3,1605,2360,2.940809968847352,3.2960893854748603,2.0,54,0.10778816199376948,0.33769470404984425,0.12149532710280374,0.43302180685358255,0.3177570093457944,22.181498527526855
GT,sample_z0_y256_x128.npy,..\dataset\NPY\Bentheimer\sample_z0_y256_x128.npy,256x256x256,0.6906751990318298,0.30932480096817017,True,0.3091299533843994,34,3,1499,2482,3.3115410273515677,3.6553755522827687,2.0,58,0.09406270847231488,0.3275517011340894,0.11207471647765177,0.46631087391594395,0.3575717144763175,22.296385526657104
GT,sample_z0_y256_x256.npy,..\dataset\NPY\Bentheimer\sample_z0_y256_x256.npy,256x256x256,0.7137491106987,0.28625088930130005,True,0.28601521253585815,34,3,1518,2466,3.2490118577075098,3.6052631578947367,2.0,56,0.09881422924901186,0.3432147562582345,0.10144927536231885,0.45652173913043476,0.35507246376811596,22.815935373306274
GT,sample_z0_y256_x384.npy,..\dataset\NPY\Bentheimer\sample_z0_y256_x384.npy,256x256x256,0.7379382252693176,0.2620617747306824,True,0.2617843747138977,34,3,1515,2154,2.8435643564356434,3.2245508982035926,2.0,61,0.11815181518151815,0.3504950495049505,0.11815181518151815,0.4132013201320132,0.29306930693069305,21.98311138153076
GT,sample_z0_y256_x512.npy,..\dataset\NPY\Bentheimer\sample_z0_y256_x512.npy,256x256x256,0.7286715507507324,0.2713284492492676,True,0.27108508348464966,34,3,1616,2368,2.9306930693069306,3.272978576364893,2.0,35,0.10457920792079207,0.35457920792079206,0.11386138613861387,0.42698019801980197,0.3056930693069307,25.967538118362427
GT,sample_z0_y256_x640.npy,..\dataset\NPY\Bentheimer\sample_z0_y256_x640.npy,256x256x256,0.7390099167823792,0.26099008321762085,True,0.26072126626968384,34,3,1704,2526,2.964788732394366,3.3346534653465345,2.0,29,0.11091549295774648,0.3345070422535211,0.11678403755868545,0.43779342723004694,0.31866197183098594,20.810527563095093
GT,sample_z0_y384_x0.npy,..\dataset\NPY\Bentheimer\sample_z0_y384_x0.npy,256x256x256,0.7472060918807983,0.25279390811920166,True,0.252547025680542,34,3,1741,2506,2.878805284319357,3.231463571889104,2.0,33,0.10913268236645605,0.3463526708788053,0.11487650775416428,0.4296381390005744,0.3038483630097645,22.486788988113403
GT,sample_z0_y384_x128.npy,..\dataset\NPY\Bentheimer\sample_z0_y384_x128.npy,256x256x256,0.7575943470001221,0.24240565299987793,True,0.2421758770942688,34,3,1699,2525,2.9723366686286052,3.2877604166666665,2.0,31,0.0959387875220718,0.3566804002354326,0.10947616244849911,0.43790464979399646,0.3272513243084167,22.767582654953003
GT,sample_z0_y384_x256.npy,..\dataset\NPY\Bentheimer\sample_z0_y384_x256.npy,256x256x256,0.7430644035339355,0.25693559646606445,True,0.2566908597946167,34,3,1652,2452,2.9685230024213074,3.267155229846769,2.0,31,0.09140435835351089,0.3728813559322034,0.09745762711864407,0.43825665859564167,0.33232445520581116,22.36427664756775
GT,sample_z0_y384_x384.npy,..\dataset\NPY\Bentheimer\sample_z0_y384_x384.npy,256x256x256,0.7236636877059937,0.27633631229400635,True,0.2760797142982483,34,3,1581,2208,2.793168880455408,3.1033028812368237,2.0,37,0.09993674889310562,0.3864642631246047,0.08791903858317521,0.42567994939911447,0.32447817836812143,21.98577904701233
GT,sample_z0_y384_x512.npy,..\dataset\NPY\Bentheimer\sample_z0_y384_x512.npy,256x256x256,0.7191328406333923,0.28086715936660767,True,0.28061389923095703,34,3,1523,2121,2.7852921864740643,3.1168258633357824,2.0,35,0.10636900853578464,0.3736047275114905,0.09717662508207485,0.42284963887065,0.3066316480630335,21.736705541610718
GT,sample_z0_y384_x640.npy,..\dataset\NPY\Bentheimer\sample_z0_y384_x640.npy,256x256x256,0.7403639554977417,0.2596360445022583,True,0.25934475660324097,34,3,1623,2210,2.723351817621688,3.0737134909596664,2.0,29,0.11398644485520641,0.3659889094269871,0.11213801601971657,0.40788662969809,0.2963647566235367,20.508498668670654
GT,sample_z0_y512_x0.npy,..\dataset\NPY\Bentheimer\sample_z0_y512_x0.npy,256x256x256,0.7624492645263672,0.2375507354736328,True,0.23732894659042358,34,3,1622,2300,2.8360049321824907,3.205574912891986,2.0,18,0.11528976572133169,0.33847102342786684,0.10974106041923551,0.436498150431566,0.31134401972872994,18.50151777267456
GT,sample_z0_y512_x128.npy,..\dataset\NPY\Bentheimer\sample_z0_y512_x128.npy,256x256x256,0.7947264313697815,0.2052735686302185,True,0.2050548791885376,34,3,1850,2599,2.80972972972973,3.1483949121744397,2.0,38,0.10756756756756757,0.32594594594594595,0.11621621621621622,0.4502702702702703,0.31945945945945947,20.469051599502563
GT,sample_z0_y512_x256.npy,..\dataset\NPY\Bentheimer\sample_z0_y512_x256.npy,256x256x256,0.7558973431587219,0.24410265684127808,True,0.24386829137802124,34,3,1790,2513,2.8078212290502793,3.14125,2.0,57,0.10614525139664804,0.33854748603351953,0.11508379888268157,0.4402234636871508,0.30558659217877093,26.457564115524292
GT,sample_z0_y512_x384.npy,..\dataset\NPY\Bentheimer\sample_z0_y512_x384.npy,256x256x256,0.7262684106826782,0.2737315893173218,True,0.2735123038291931,34,3,1660,2303,2.774698795180723,3.0954301075268815,2.0,43,0.10361445783132531,0.3710843373493976,0.10361445783132531,0.42168674698795183,0.2993975903614458,25.712509870529175
GT,sample_z0_y512_x512.npy,..\dataset\NPY\Bentheimer\sample_z0_y512_x512.npy,256x256x256,0.720673680305481,0.27932631969451904,True,0.2790732979774475,34,3,1605,2196,2.736448598130841,3.1126860382707298,2.0,36,0.12087227414330218,0.37258566978193147,0.09968847352024922,0.40685358255451715,0.2909657320872274,23.270934581756592
GT,sample_z0_y512_x640.npy,..\dataset\NPY\Bentheimer\sample_z0_y512_x640.npy,256x256x256,0.7438620924949646,0.2561379075050354,True,0.2558138370513916,34,3,1708,2194,2.569086651053864,2.9509078681909884,1.0,25,0.12939110070257612,0.3916861826697892,0.10187353629976581,0.3770491803278688,0.2775175644028103,22.151570796966553
GT,sample_z0_y640_x0.npy,..\dataset\NPY\Bentheimer\sample_z0_y640_x0.npy,256x256x256,0.749186635017395,0.250813364982605,True,0.25059300661087036,34,3,1468,2122,2.891008174386921,3.19819140919367,2.0,20,0.09604904632152589,0.3446866485013624,0.11989100817438691,0.4393732970027248,0.32561307901907355,23.23217272758484
GT,sample_z0_y640_x128.npy,..\dataset\NPY\Bentheimer\sample_z0_y640_x128.npy,256x256x256,0.763738214969635,0.236261785030365,True,0.23604649305343628,34,3,1597,2330,2.917971195992486,3.22268326417704,2.0,46,0.09455228553537884,0.33876017532874136,0.10832811521603006,0.45835942391984974,0.33249843456480904,20.82862901687622
GT,sample_z0_y640_x256.npy,..\dataset\NPY\Bentheimer\sample_z0_y640_x256.npy,256x256x256,0.7429836988449097,0.25701630115509033,True,0.2567884922027588,34,3,1543,2147,2.782890473104342,3.11611030478955,2.0,59,0.10693454309786131,0.3370058327932599,0.11665586519766688,0.4394037589112119,0.304601425793908,23.456835508346558
GT,sample_z0_y640_x384.npy,..\dataset\NPY\Bentheimer\sample_z0_y640_x384.npy,256x256x256,0.7326701283454895,0.2673298716545105,True,0.2670823931694031,34,3,1565,2099,2.6824281150159743,3.0354302241503976,2.0,43,0.11629392971246007,0.35527156549520766,0.11309904153354633,0.41533546325878595,0.27859424920127795,22.772940158843994
GT,sample_z0_y640_x512.npy,..\dataset\NPY\Bentheimer\sample_z0_y640_x512.npy,256x256x256,0.7373796105384827,0.26262038946151733,True,0.2623226046562195,34,3,1676,2272,2.711217183770883,3.123024054982818,2.0,21,0.1318615751789976,0.35799522673031026,0.10143198090692124,0.4087112171837709,0.28878281622911695,19.843200206756592
GT,sample_z0_y640_x640.npy,..\dataset\NPY\Bentheimer\sample_z0_y640_x640.npy,256x256x256,0.7401790618896484,0.25982093811035156,True,0.2594752311706543,34,3,1917,2590,2.702138758476787,3.1374924288310115,1.0,19,0.1387584767866458,0.3656755346896192,0.10328638497652583,0.3922796035472092,0.2962962962962963,22.124595880508423
GT,sample_z128_y0_x0.npy,..\dataset\NPY\Bentheimer\sample_z128_y0_x0.npy,256x256x256,0.7374452352523804,0.26255476474761963,True,0.26233434677124023,34,3,1640,2419,2.95,3.2274849899933287,2.0,40,0.08597560975609755,0.3597560975609756,0.10975609756097561,0.4445121951219512,0.33658536585365856,25.060346126556396
GT,sample_z128_y0_x128.npy,..\dataset\NPY\Bentheimer\sample_z128_y0_x128.npy,256x256x256,0.7433919310569763,0.2566080689430237,True,0.2563871741294861,34,3,1674,2410,2.879330943847073,3.19205298013245,2.0,28,0.0979689366786141,0.3590203106332139,0.10454002389486261,0.43847072879330945,0.31899641577060933,23.187533855438232
GT,sample_z128_y0_x256.npy,..\dataset\NPY\Bentheimer\sample_z128_y0_x256.npy,256x256x256,0.7339602708816528,0.26603972911834717,True,0.2658146023750305,34,3,1587,2185,2.753623188405797,3.0580825752274317,2.0,29,0.09955891619407688,0.37114051669817266,0.11405166981726528,0.4152488972904852,0.28796471329552614,22.6142578125
GT,sample_z128_y0_x384.npy,..\dataset\NPY\Bentheimer\sample_z128_y0_x384.npy,256x256x256,0.7003682851791382,0.2996317148208618,True,0.299376904964447,34,3,1544,2118,2.743523316062176,3.047482014388489,2.0,37,0.09974093264248704,0.3853626943005181,0.10427461139896373,0.4106217616580311,0.29080310880829013,21.19967031478882
GT,sample_z128_y0_x512.npy,..\dataset\NPY\Bentheimer\sample_z128_y0_x512.npy,256x256x256,0.6735473275184631,0.32645267248153687,True,0.3262239694595337,34,3,1681,2425,2.8851873884592503,3.1824146981627295,2.0,64,0.09339678762641285,0.38072575847709694,0.1023200475907198,0.4235574063057704,0.30636525877453896,23.572059154510498
GT,sample_z128_y0_x640.npy,..\dataset\NPY\Bentheimer\sample_z128_y0_x640.npy,256x256x256,0.6945213079452515,0.30547869205474854,True,0.30524152517318726,34,3,1890,2806,2.969312169312169,3.295361127422196,2.0,65,0.09894179894179894,0.364021164021164,0.09894179894179894,0.4380952380952381,0.3253968253968254,26.269456386566162
GT,sample_z128_y128_x0.npy,..\dataset\NPY\Bentheimer\sample_z128_y128_x0.npy,256x256x256,0.7418344020843506,0.2581655979156494,True,0.2579501271247864,34,3,1697,2660,3.1349440188568063,3.4278350515463916,2.0,33,0.0854449027695934,0.32822628167354156,0.10783736004714202,0.47849145550972305,0.3594578668238067,23.13636827468872
GT,sample_z128_y128_x128.npy,..\dataset\NPY\Bentheimer\sample_z128_y128_x128.npy,256x256x256,0.7219327688217163,0.2780672311782837,True,0.2778536081314087,34,3,1789,2785,3.113471212968139,3.4298029556650245,2.0,34,0.092230296254891,0.33426495248742316,0.10564561207378424,0.4678591391839016,0.3476802683063164,25.926982641220093
GT,sample_z128_y128_x256.npy,..\dataset\NPY\Bentheimer\sample_z128_y128_x256.npy,256x256x256,0.7280222773551941,0.2719777226448059,True,0.27172744274139404,34,3,1644,2407,2.9282238442822384,3.270380434782609,2.0,26,0.10462287104622871,0.3497566909975669,0.11800486618004866,0.4276155717761557,0.3132603406326034,23.92277193069458
GT,sample_z128_y128_x384.npy,..\dataset\NPY\Bentheimer\sample_z128_y128_x384.npy,256x256x256,0.7366589903831482,0.2633410096168518,True,0.2630656361579895,34,3,1494,2033,2.7215528781793843,3.06405425772419,2.0,20,0.11178045515394913,0.3781793842034806,0.10776439089692101,0.40227576974564927,0.29049531459170014,25.807441234588623
GT,sample_z128_y128_x512.npy,..\dataset\NPY\Bentheimer\sample_z128_y128_x512.npy,256x256x256,0.6980406641960144,0.3019593358039856,True,0.30170929431915283,34,3,1622,2391,2.9482120838471024,3.2753424657534245,2.0,60,0.0998766954377312,0.3631319358816276,0.10789149198520345,0.42909987669543775,0.32244143033292233,26.634827136993408
GT,sample_z128_y128_x640.npy,..\dataset\NPY\Bentheimer\sample_z128_y128_x640.npy,256x256x256,0.7251653671264648,0.27483463287353516,True,0.2745537757873535,34,3,1881,2682,2.851674641148325,3.196662693682956,2.0,60,0.10792131844763424,0.3684210526315789,0.10047846889952153,0.42317916002126527,0.30462519936204147,27.98013925552368
GT,sample_z128_y256_x0.npy,..\dataset\NPY\Bentheimer\sample_z128_y256_x0.npy,256x256x256,0.7350760102272034,0.26492398977279663,True,0.26470524072647095,34,3,1585,2402,3.0309148264984227,3.3712280701754387,2.0,59,0.10094637223974763,0.32302839116719245,0.11041009463722397,0.465615141955836,0.34006309148264985,19.42042851448059
GT,sample_z128_y256_x128.npy,..\dataset\NPY\Bentheimer\sample_z128_y256_x128.npy,256x256x256,0.7062652707099915,0.29373472929000854,True,0.29354149103164673,34,3,1637,2559,3.1264508246792913,3.43029490616622,2.0,56,0.0885766646304215,0.3512522907758094,0.10445937690897984,0.45571166768478927,0.35491753207086135,24.59346866607666
GT,sample_z128_y256_x256.npy,..\dataset\NPY\Bentheimer\sample_z128_y256_x256.npy,256x256x256,0.7275773882865906,0.2724226117134094,True,0.2721893787384033,34,3,1569,2404,3.064372211599745,3.364590622813156,2.0,26,0.08922880815806246,0.3581899298916507,0.11153601019757807,0.44104525175270876,0.33588272785213513,22.264833450317383
GT,sample_z128_y256_x384.npy,..\dataset\NPY\Bentheimer\sample_z128_y256_x384.npy,256x256x256,0.7536879777908325,0.24631202220916748,True,0.24605119228363037,34,3,1448,1997,2.7582872928176796,3.08179012345679,2.0,17,0.10497237569060773,0.3777624309392265,0.11049723756906077,0.406767955801105,0.3011049723756906,21.059943437576294
GT,sample_z128_y256_x512.npy,..\dataset\NPY\Bentheimer\sample_z128_y256_x512.npy,256x256x256,0.7298929691314697,0.2701070308685303,True,0.2698296308517456,34,3,1561,2253,2.8866111467008326,3.2301075268817203,2.0,24,0.10634208840486867,0.35746316463805256,0.11018577834721333,0.4260089686098655,0.3171044202434337,25.87882924079895
GT,sample_z128_y256_x640.npy,..\dataset\NPY\Bentheimer\sample_z128_y256_x640.npy,256x256x256,0.745161235332489,0.254838764667511,True,0.2545250654220581,34,3,1698,2396,2.822143698468787,3.235651586765699,2.0,22,0.12779740871613662,0.3374558303886926,0.10600706713780919,0.4287396937573616,0.30859835100117783,23.007132291793823
GT,sample_z128_y384_x0.npy,..\dataset\NPY\Bentheimer\sample_z128_y384_x0.npy,256x256x256,0.7655724883079529,0.23442751169204712,True,0.23418956995010376,34,3,1645,2319,2.819452887537994,3.127444369521241,2.0,36,0.09848024316109423,0.34711246200607904,0.11367781155015197,0.44072948328267475,0.31550151975683893,21.17690920829773
GT,sample_z128_y384_x128.npy,..\dataset\NPY\Bentheimer\sample_z128_y384_x128.npy,256x256x256,0.7602741718292236,0.23972582817077637,True,0.23950904607772827,34,3,1741,2502,2.87421022400919,3.1954022988505746,2.0,30,0.10051694428489374,0.3475014359563469,0.10511200459506032,0.446869615163699,0.32854681217690984,24.73694348335266
GT,sample_z128_y384_x256.npy,..\dataset\NPY\Bentheimer\sample_z128_y384_x256.npy,256x256x256,0.7578302025794983,0.2421697974205017,True,0.24193072319030762,34,3,1653,2444,2.957047791893527,3.256495669553631,2.0,23,0.09195402298850575,0.3454325468844525,0.10526315789473684,0.4573502722323049,0.3333333333333333,24.015321016311646
GT,sample_z128_y384_x384.npy,..\dataset\NPY\Bentheimer\sample_z128_y384_x384.npy,256x256x256,0.7393232583999634,0.2606767416000366,True,0.26043838262557983,34,3,1487,2092,2.813718897108272,3.0923872875092386,2.0,36,0.09011432414256892,0.38063214525891054,0.1089441829186281,0.4203093476798924,0.3140551445864156,15.901864290237427
GT,sample_z128_y384_x512.npy,..\dataset\NPY\Bentheimer\sample_z128_y384_x512.npy,256x256x256,0.7339847683906555,0.2660152316093445,True,0.2657474875450134,34,3,1551,2231,2.87685364281109,3.2640819312362837,2.0,38,0.11863313990973566,0.34300451321727915,0.10702772404900064,0.43133462282398455,0.31979368149580917,15.989927053451538
GT,sample_z128_y384_x640.npy,..\dataset\NPY\Bentheimer\sample_z128_y384_x640.npy,256x256x256,0.7359889149665833,0.26401108503341675,True,0.26370686292648315,34,3,1592,2254,2.8316582914572863,3.2785454545454544,2.0,21,0.13630653266331658,0.32537688442211055,0.11557788944723618,0.42273869346733667,0.30527638190954776,16.45751190185547
GT,sample_z128_y512_x0.npy,..\dataset\NPY\Bentheimer\sample_z128_y512_x0.npy,256x256x256,0.7622989416122437,0.23770105838775635,True,0.2374744415283203,34,3,1641,2508,3.056672760511883,3.3777777777777778,2.0,41,0.09506398537477148,0.3339427178549665,0.10847044485070079,0.4625228519195612,0.332114564290067,16.363157749176025
GT,sample_z128_y512_x128.npy,..\dataset\NPY\Bentheimer\sample_z128_y512_x128.npy,256x256x256,0.7877506613731384,0.21224933862686157,True,0.21202844381332397,34,3,1989,2933,2.9492207139265965,3.3197509903791738,2.0,26,0.11161387631975868,0.30869783810960283,0.11060834590246355,0.46907993966817496,0.33283056812468576,16.30934429168701
GT,sample_z128_y512_x256.npy,..\dataset\NPY\Bentheimer\sample_z128_y512_x256.npy,256x256x256,0.7518118023872375,0.24818819761276245,True,0.2479703426361084,34,3,1806,2683,2.971207087486157,3.3267203967761936,2.0,22,0.10686600221483943,0.3167220376522702,0.11351052048726468,0.4629014396456257,0.33056478405315615,16.87029218673706
GT,sample_z128_y512_x384.npy,..\dataset\NPY\Bentheimer\sample_z128_y512_x384.npy,256x256x256,0.7204797267913818,0.27952027320861816,True,0.27930814027786255,34,3,1495,2085,2.789297658862876,3.072955047899779,2.0,33,0.09230769230769231,0.3745819397993311,0.11438127090301003,0.4187290969899666,0.3003344481605351,15.629222393035889
GT,sample_z128_y512_x512.npy,..\dataset\NPY\Bentheimer\sample_z128_y512_x512.npy,256x256x256,0.7364360690116882,0.26356393098831177,True,0.2633235454559326,34,3,1595,2269,2.845141065830721,3.2368045649072754,2.0,35,0.12100313479623824,0.3573667711598746,0.10156739811912226,0.4200626959247649,0.30783699059561126,15.210257530212402
GT,sample_z128_y512_x640.npy,..\dataset\NPY\Bentheimer\sample_z128_y512_x640.npy,256x256x256,0.7425702214241028,0.2574297785758972,True,0.2571062445640564,34,3,1626,2239,2.7539975399753995,3.1917320028510336,2.0,22,0.13714637146371464,0.3505535055350554,0.11500615006150061,0.3972939729397294,0.2872078720787208,15.753909349441528
GT,sample_z128_y640_x0.npy,..\dataset\NPY\Bentheimer\sample_z128_y640_x0.npy,256x256x256,0.7445462942123413,0.2554537057876587,True,0.25524622201919556,34,3,1451,2265,3.1219848380427293,3.4085778781038374,2.0,41,0.08407994486560992,0.3507925568573398,0.10613370089593384,0.45899379738111645,0.3390764989662302,13.587798833847046
GT,sample_z128_y640_x128.npy,..\dataset\NPY\Bentheimer\sample_z128_y640_x128.npy,256x256x256,0.7578212022781372,0.2421787977218628,True,0.24197924137115479,34,3,1662,2533,3.0481347773766547,3.3750832778147903,2.0,34,0.09687123947051744,0.3249097472924188,0.11070998796630566,0.4675090252707581,0.33995186522262333,14.530807733535767
GT,sample_z128_y640_x256.npy,..\dataset\NPY\Bentheimer\sample_z128_y640_x256.npy,256x256x256,0.7275068759918213,0.2724931240081787,True,0.27229219675064087,34,3,1594,2313,2.902132998745295,3.219206680584551,2.0,23,0.09849435382685069,0.342534504391468,0.11731493099121706,0.44165621079046424,0.31493099121706397,15.890678405761719
GT,sample_z128_y640_x384.npy,..\dataset\NPY\Bentheimer\sample_z128_y640_x384.npy,256x256x256,0.7134320735931396,0.28656792640686035,True,0.28632479906082153,34,3,1460,1983,2.7164383561643834,3.043745203376823,2.0,27,0.10753424657534247,0.36917808219178083,0.10410958904109589,0.4191780821917808,0.28356164383561644,14.73865032196045
GT,sample_z128_y640_x512.npy,..\dataset\NPY\Bentheimer\sample_z128_y640_x512.npy,256x256x256,0.7277776598930359,0.2722223401069641,True,0.2719360589981079,34,3,1591,2202,2.768070395977373,3.1820809248554913,2.0,27,0.13010685103708358,0.36015084852294155,0.09428032683846638,0.4154619736015085,0.2972972972972973,14.919188022613525
GT,sample_z128_y640_x640.npy,..\dataset\NPY\Bentheimer\sample_z128_y640_x640.npy,256x256x256,0.7469744086265564,0.2530255913734436,True,0.2526930570602417,34,3,1750,2356,2.6925714285714286,3.151839464882943,1.0,26,0.1457142857142857,0.3577142857142857,0.10457142857142857,0.392,0.288,14.844257593154907
GT,sample_z256_y0_x0.npy,..\dataset\NPY\Bentheimer\sample_z256_y0_x0.npy,256x256x256,0.7169689536094666,0.28303104639053345,True,0.2828395962715149,34,3,1627,2488,3.0583896742470804,3.2715318869165024,2.0,34,0.06515058389674247,0.35894283958205286,0.10940381069452981,0.4665027658266749,0.33804548248309774,14.656791687011719
GT,sample_z256_y0_x128.npy,..\dataset\NPY\Bentheimer\sample_z256_y0_x128.npy,256x256x256,0.7296470999717712,0.27035290002822876,True,0.27014654874801636,34,3,1576,2386,3.027918781725888,3.306999306999307,2.0,27,0.08439086294416244,0.3496192893401015,0.10977157360406091,0.45621827411167515,0.3280456852791878,13.903093576431274
GT,sample_z256_y0_x256.npy,..\dataset\NPY\Bentheimer\sample_z256_y0_x256.npy,256x256x256,0.7253965735435486,0.2746034264564514,True,0.2743905186653137,34,3,1513,2174,2.8737607402511567,3.185347985347985,2.0,26,0.09781890284203569,0.36814276272306673,0.11500330469266358,0.419035029742234,0.30006609385327165,14.370672941207886
GT,sample_z256_y0_x384.npy,..\dataset\NPY\Bentheimer\sample_z256_y0_x384.npy,256x256x256,0.6997966766357422,0.3002033233642578,True,0.29996412992477417,34,3,1679,2406,2.865991661703395,3.1145631067961164,2.0,32,0.07980941036331149,0.3895175699821322,0.11078022632519356,0.4198927933293627,0.3049434187016081,14.791432619094849
GT,sample_z256_y0_x512.npy,..\dataset\NPY\Bentheimer\sample_z256_y0_x512.npy,256x256x256,0.7074507474899292,0.2925492525100708,True,0.29230839014053345,34,3,1832,2640,2.8820960698689957,3.2,2.0,27,0.09934497816593886,0.3558951965065502,0.11517467248908297,0.42958515283842796,0.3193231441048035,15.305964231491089
GT,sample_z256_y0_x640.npy,..\dataset\NPY\Bentheimer\sample_z256_y0_x640.npy,256x256x256,0.7364907264709473,0.26350927352905273,True,0.26325756311416626,34,3,2086,2910,2.7900287631831255,3.145945945945946,2.0,24,0.11313518696069032,0.3547459252157239,0.11792905081495686,0.41418983700862894,0.30393096836049854,14.795417547225952
GT,sample_z256_y128_x0.npy,..\dataset\NPY\Bentheimer\sample_z256_y128_x0.npy,256x256x256,0.7276940941810608,0.2723059058189392,True,0.27211523056030273,34,3,1626,2533,3.1156211562115623,3.3661129568106314,2.0,29,0.07441574415744158,0.33579335793357934,0.11193111931119311,0.477859778597786,0.3456334563345633,15.77089548110962
GT,sample_z256_y128_x128.npy,..\dataset\NPY\Bentheimer\sample_z256_y128_x128.npy,256x256x256,0.7234178781509399,0.27658212184906006,True,0.27636176347732544,34,3,1714,2693,3.1423570595099184,3.4547787042976266,2.0,26,0.09043173862310384,0.3313885647607935,0.10385064177362893,0.47432905484247373,0.3483080513418903,14.138528108596802
GT,sample_z256_y128_x256.npy,..\dataset\NPY\Bentheimer\sample_z256_y128_x256.npy,256x256x256,0.7295088768005371,0.2704911231994629,True,0.27024757862091064,34,3,1610,2437,3.027329192546584,3.3753462603878117,2.0,26,0.1031055900621118,0.3447204968944099,0.10434782608695652,0.44782608695652176,0.3341614906832298,13.762870788574219
GT,sample_z256_y128_x384.npy,..\dataset\NPY\Bentheimer\sample_z256_y128_x384.npy,256x256x256,0.7263872027397156,0.2736127972602844,True,0.2733613848686218,34,3,1629,2340,2.8729281767955803,3.2032854209445585,2.0,23,0.10313075506445672,0.3621853898096992,0.10804174340085942,0.4266421117249847,0.3192142418661756,14.075947999954224
GT,sample_z256_y128_x512.npy,..\dataset\NPY\Bentheimer\sample_z256_y128_x512.npy,256x256x256,0.7077881097793579,0.2922118902206421,True,0.2919656038284302,34,3,1868,2747,2.941113490364026,3.3016826923076925,2.0,41,0.10920770877944326,0.3404710920770878,0.11402569593147752,0.43629550321199145,0.3265524625267666,15.367120742797852
GT,sample_z256_y128_x640.npy,..\dataset\NPY\Bentheimer\sample_z256_y128_x640.npy,256x256x256,0.7224465012550354,0.2775534987449646,True,0.2772892117500305,34,3,2077,2955,2.8454501685122775,3.2172019597169297,2.0,38,0.11555127587867116,0.3548387096774194,0.10640346653827636,0.4232065479056331,0.31054405392392875,15.29424500465393
GT,sample_z256_y256_x0.npy,..\dataset\NPY\Bentheimer\sample_z256_y256_x0.npy,256x256x256,0.741642415523529,0.25835758447647095,True,0.2581597566604614,34,3,1574,2255,2.8653113087674713,3.142857142857143,2.0,29,0.08831003811944091,0.3595933926302414,0.1156289707750953,0.4364675984752224,0.312579415501906,12.972411394119263
GT,sample_z256_y256_x128.npy,..\dataset\NPY\Bentheimer\sample_z256_y256_x128.npy,256x256x256,0.7434231042861938,0.25657689571380615,True,0.2563638687133789,34,3,1684,2556,3.03562945368171,3.3499344692005244,2.0,22,0.09382422802850356,0.34560570071258906,0.09916864608076009,0.46140142517814725,0.3509501187648456,13.455183744430542
GT,sample_z256_y256_x256.npy,..\dataset\NPY\Bentheimer\sample_z256_y256_x256.npy,256x256x256,0.7501474618911743,0.24985253810882568,True,0.24959325790405273,34,3,1620,2468,3.0469135802469136,3.3808219178082193,2.0,18,0.09876543209876543,0.34074074074074073,0.09567901234567901,0.4648148148148148,0.3574074074074074,15.631391048431396
GT,sample_z256_y256_x384.npy,..\dataset\NPY\Bentheimer\sample_z256_y256_x384.npy,256x256x256,0.7408842444419861,0.2591157555580139,True,0.2588416337966919,34,3,1459,1999,2.740233036326251,3.108864696734059,2.0,23,0.1185743660041124,0.36874571624400276,0.11240575736806031,0.4002741603838245,0.3008910212474297,13.96638798713684
GT,sample_z256_y256_x512.npy,..\dataset\NPY\Bentheimer\sample_z256_y256_x512.npy,256x256x256,0.715732753276825,0.28426724672317505,True,0.28397852182388306,34,3,1707,2492,2.919742237844171,3.2962962962962963,2.0,32,0.11423550087873462,0.34797891036906853,0.10896309314586995,0.4288224956063269,0.3169302870533099,14.23182988166809
GT,sample_z256_y256_x640.npy,..\dataset\NPY\Bentheimer\sample_z256_y256_x640.npy,256x256x256,0.7204517722129822,0.2795482277870178,True,0.27925366163253784,34,3,1804,2647,2.934589800443459,3.337957124842371,2.0,29,0.12084257206208426,0.34035476718403546,0.09977827050997783,0.43902439024390244,0.32095343680709537,14.782714128494263
GT,sample_z256_y384_x0.npy,..\dataset\NPY\Bentheimer\sample_z256_y384_x0.npy,256x256x256,0.763562023639679,0.23643797636032104,True,0.23623675107955933,34,3,1485,2071,2.7892255892255893,3.0433504775900073,2.0,28,0.08350168350168351,0.36835016835016837,0.1164983164983165,0.4316498316498317,0.3111111111111111,13.240453481674194
GT,sample_z256_y384_x128.npy,..\dataset\NPY\Bentheimer\sample_z256_y384_x128.npy,256x256x256,0.7625448703765869,0.23745512962341309,True,0.23726266622543335,34,3,1562,2257,2.8898847631241997,3.18560338743825,2.0,19,0.09282970550576185,0.352112676056338,0.09795134443021766,0.45710627400768244,0.34314980793854033,12.632228136062622
GT,sample_z256_y384_x256.npy,..\dataset\NPY\Bentheimer\sample_z256_y384_x256.npy,256x256x256,0.7540349364280701,0.24596506357192993,True,0.24572747945785522,34,3,1469,2112,2.875425459496256,3.2146118721461185,2.0,19,0.10551395507147719,0.3410483321987747,0.10142954390742001,0.45200816882232814,0.33287950987066034,13.785540103912354
GT,sample_z256_y384_x384.npy,..\dataset\NPY\Bentheimer\sample_z256_y384_x384.npy,256x256x256,0.7523865103721619,0.24761348962783813,True,0.24736005067825317,34,3,1385,1865,2.693140794223827,3.032520325203252,2.0,24,0.11191335740072202,0.3631768953068592,0.12057761732851986,0.4043321299638989,0.29386281588447655,13.037890672683716
GT,sample_z256_y384_x512.npy,..\dataset\NPY\Bentheimer\sample_z256_y384_x512.npy,256x256x256,0.749175488948822,0.250824511051178,True,0.2505670189857483,34,3,1548,2187,2.8255813953488373,3.2328159645232817,2.0,20,0.12596899224806202,0.3449612403100775,0.10852713178294573,0.42054263565891475,0.31912144702842377,13.108351707458496
GT,sample_z256_y384_x640.npy,..\dataset\NPY\Bentheimer\sample_z256_y384_x640.npy,256x256x256,0.7276028990745544,0.27239710092544556,True,0.27211976051330566,34,3,1543,2205,2.8580686973428384,3.283693224125093,2.0,25,0.12961762799740764,0.3376539209332469,0.10693454309786131,0.42579390797148414,0.3117303953337654,15.036550045013428
GT,sample_z256_y512_x0.npy,..\dataset\NPY\Bentheimer\sample_z256_y512_x0.npy,256x256x256,0.7463387846946716,0.25366121530532837,True,0.25344693660736084,34,3,1474,2354,3.1940298507462686,3.4490842490842493,2.0,42,0.07394843962008141,0.33649932157394846,0.1078697421981004,0.4816824966078697,0.35074626865671643,13.670712947845459
GT,sample_z256_y512_x128.npy,..\dataset\NPY\Bentheimer\sample_z256_y512_x128.npy,256x256x256,0.7486087679862976,0.2513912320137024,True,0.2511976957321167,34,3,1709,2633,3.0813341135166765,3.3799743260590502,2.0,24,0.08835576360444705,0.3335283791691047,0.09186658864833236,0.48624926857811585,0.36571094207138677,14.139144659042358
GT,sample_z256_y512_x256.npy,..\dataset\NPY\Bentheimer\sample_z256_y512_x256.npy,256x256x256,0.733470618724823,0.266529381275177,True,0.26632434129714966,34,3,1529,2329,3.0464355788096795,3.392571012381646,2.0,23,0.10202746893394375,0.3270111183780249,0.1013734466971877,0.4695879659908437,0.3570961412688031,15.201137065887451
GT,sample_z256_y512_x384.npy,..\dataset\NPY\Bentheimer\sample_z256_y512_x384.npy,256x256x256,0.7256736755371094,0.2743263244628906,True,0.2740936279296875,34,3,1312,1815,2.7667682926829267,3.0972696245733786,2.0,28,0.10670731707317073,0.3559451219512195,0.11890243902439024,0.4184451219512195,0.31402439024390244,13.723796129226685
GT,sample_z256_y512_x512.npy,..\dataset\NPY\Bentheimer\sample_z256_y512_x512.npy,256x256x256,0.7403632998466492,0.25963670015335083,True,0.25940001010894775,34,3,1429,1912,2.675997200839748,3.0543130990415337,2.0,21,0.12386284114765571,0.36878936319104266,0.10986703988803359,0.397480755773268,0.2988103568929321,13.855894088745117
GT,sample_z256_y512_x640.npy,..\dataset\NPY\Bentheimer\sample_z256_y512_x640.npy,256x256x256,0.7019953727722168,0.2980046272277832,True,0.2977216839790344,34,3,1355,1874,2.766051660516605,3.170896785109983,2.0,35,0.12767527675276752,0.36088560885608856,0.11512915129151291,0.396309963099631,0.2789667896678967,14.66557765007019
GT,sample_z256_y640_x0.npy,..\dataset\NPY\Bentheimer\sample_z256_y640_x0.npy,256x256x256,0.7398518919944763,0.2601481080055237,True,0.2599429488182068,34,3,1348,2077,3.0816023738872405,3.3232,2.0,52,0.07270029673590504,0.34940652818991097,0.12314540059347182,0.4547477744807122,0.3249258160237389,14.322638750076294
GT,sample_z256_y640_x128.npy,..\dataset\NPY\Bentheimer\sample_z256_y640_x128.npy,256x256x256,0.7412769198417664,0.25872308015823364,True,0.2585291862487793,34,3,1511,2342,3.099933818663137,3.3819494584837546,2.0,46,0.08338848444738584,0.32627399073461283,0.10721376571806751,0.4831237590999338,0.34811383189940437,14.47911286354065
GT,sample_z256_y640_x256.npy,..\dataset\NPY\Bentheimer\sample_z256_y640_x256.npy,256x256x256,0.7403366565704346,0.25966334342956543,True,0.2594738006591797,34,3,1492,2251,3.017426273458445,3.3274205469327423,2.0,23,0.09316353887399464,0.3438337801608579,0.10053619302949061,0.4624664879356568,0.3438337801608579,15.056012153625488
GT,sample_z256_y640_x384.npy,..\dataset\NPY\Bentheimer\sample_z256_y640_x384.npy,256x256x256,0.7045053243637085,0.2954946756362915,True,0.2952505946159363,34,3,1310,1827,2.7893129770992364,3.147286821705426,2.0,30,0.11374045801526718,0.366412213740458,0.09923664122137404,0.4206106870229008,0.3114503816793893,14.149393320083618
GT,sample_z256_y640_x512.npy,..\dataset\NPY\Bentheimer\sample_z256_y640_x512.npy,256x256x256,0.7025447487831116,0.2974552512168884,True,0.2971988320350647,34,3,1426,1960,2.7489481065918655,3.146067415730337,2.0,33,0.12622720897615708,0.36605890603085556,0.09887798036465638,0.40883590462833097,0.30014025245441794,14.515571594238281
GT,sample_z256_y640_x640.npy,..\dataset\NPY\Bentheimer\sample_z256_y640_x640.npy,256x256x256,0.7024515867233276,0.29754841327667236,True,0.2972702383995056,34,3,1448,2000,2.7624309392265194,3.1595576619273302,2.0,33,0.12569060773480664,0.3653314917127072,0.10773480662983426,0.40124309392265195,0.2879834254143646,14.515330076217651
GT,sample_z384_y0_x0.npy,..\dataset\NPY\Bentheimer\sample_z384_y0_x0.npy,256x256x256,0.7096781730651855,0.29032182693481445,True,0.29014086723327637,34,3,1523,2270,2.9809586342744585,3.210749646393211,2.0,28,0.07156927117531188,0.3926460932370322,0.09783322390019698,0.43795141168745894,0.32567301378857516,14.392882585525513
GT,sample_z384_y0_x128.npy,..\dataset\NPY\Bentheimer\sample_z384_y0_x128.npy,256x256x256,0.7326158881187439,0.2673841118812561,True,0.26717323064804077,34,3,1609,2407,2.9919204474829084,3.274829931972789,2.0,28,0.08638906152889994,0.36047234307022996,0.11000621504039776,0.44313238036047237,0.33374766935985084,13.26326608657837
GT,sample_z384_y0_x256.npy,..\dataset\NPY\Bentheimer\sample_z384_y0_x256.npy,256x256x256,0.7520469427108765,0.24795305728912354,True,0.2477269172668457,34,3,1606,2338,2.911581569115816,3.213745704467354,2.0,21,0.09402241594022416,0.3723536737235367,0.11021170610211706,0.42341220423412207,0.31693648816936487,12.79131007194519
GT,sample_z384_y0_x384.npy,..\dataset\NPY\Bentheimer\sample_z384_y0_x384.npy,256x256x256,0.7406059503555298,0.2593940496444702,True,0.25916028022766113,34,3,1839,2744,2.9842305600870036,3.2454169130691897,2.0,24,0.08047852093529093,0.35943447525829253,0.11473626971179988,0.4453507340946166,0.32680804785209355,13.896919250488281
GT,sample_z384_y0_x512.npy,..\dataset\NPY\Bentheimer\sample_z384_y0_x512.npy,256x256x256,0.7114758491516113,0.28852415084838867,True,0.28827738761901855,34,3,1893,2731,2.8853671421024827,3.201641266119578,2.0,30,0.09878499735868991,0.3497094558901215,0.1225567881669308,0.4289487585842578,0.306391970417327,15.305981636047363
GT,sample_z384_y0_x640.npy,..\dataset\NPY\Bentheimer\sample_z384_y0_x640.npy,256x256x256,0.7114647626876831,0.2885352373123169,True,0.2882775664329529,34,3,1804,2379,2.6374722838137474,3.01712111604312,2.0,29,0.12583148558758314,0.36197339246119736,0.1286031042128603,0.3835920177383592,0.2682926829268293,14.862568378448486
GT,sample_z384_y128_x0.npy,..\dataset\NPY\Bentheimer\sample_z384_y128_x0.npy,256x256x256,0.7137894034385681,0.2862105965614319,True,0.2860451936721802,34,3,1466,2187,2.9836289222373806,3.2520446096654276,2.0,29,0.082537517053206,0.36971350613915416,0.10231923601637108,0.44542974079126874,0.3267394270122783,14.837022066116333
GT,sample_z384_y128_x128.npy,..\dataset\NPY\Bentheimer\sample_z384_y128_x128.npy,256x256x256,0.7271981239318848,0.27280187606811523,True,0.2725934386253357,34,3,1628,2457,3.018427518427518,3.333785617367707,2.0,24,0.0945945945945946,0.34828009828009826,0.09828009828009827,0.45884520884520885,0.33046683046683045,13.207223653793335
GT,sample_z384_y128_x256.npy,..\dataset\NPY\Bentheimer\sample_z384_y128_x256.npy,256x256x256,0.7542623281478882,0.24573767185211182,True,0.24549651145935059,34,3,1709,2587,3.027501462843768,3.3445378151260505,2.0,20,0.09479227618490345,0.34640140433001754,0.10181392627267408,0.4569923932124049,0.3446459918080749,12.924333810806274
GT,sample_z384_y128_x384.npy,..\dataset\NPY\Bentheimer\sample_z384_y128_x384.npy,256x256x256,0.7198835015296936,0.2801164984703064,True,0.27988845109939575,34,3,1637,2590,3.1643249847281614,3.5190217391304346,2.0,32,0.10079413561392792,0.32559560171044594,0.10384850335980451,0.46976175931582165,0.3622480146609652,14.330278873443604
GT,sample_z384_y128_x512.npy,..\dataset\NPY\Bentheimer\sample_z384_y128_x512.npy,256x256x256,0.7028478384017944,0.29715216159820557,True,0.29691535234451294,34,3,1782,2668,2.994388327721661,3.349654739485248,2.0,56,0.10606060606060606,0.3378226711560045,0.11728395061728394,0.4388327721661055,0.3277216610549944,14.474613189697266
GT,sample_z384_y128_x640.npy,..\dataset\NPY\Bentheimer\sample_z384_y128_x640.npy,256x256x256,0.717555820941925,0.28244417905807495,True,0.28216779232025146,34,3,1815,2442,2.690909090909091,3.063989962358846,2.0,33,0.12176308539944904,0.36363636363636365,0.1206611570247934,0.3939393939393939,0.2820936639118457,14.493219375610352
GT,sample_z384_y256_x0.npy,..\dataset\NPY\Bentheimer\sample_z384_y256_x0.npy,256x256x256,0.7389974594116211,0.2610025405883789,True,0.26082348823547363,34,3,1475,2183,2.96,3.2509307520476547,2.0,27,0.08949152542372882,0.34847457627118644,0.11728813559322034,0.4447457627118644,0.3193220338983051,13.038309812545776
GT,sample_z384_y256_x128.npy,..\dataset\NPY\Bentheimer\sample_z384_y256_x128.npy,256x256x256,0.7439166307449341,0.2560833692550659,True,0.25587785243988037,34,3,1632,2535,3.1066176470588234,3.414141414141414,2.0,22,0.0900735294117647,0.3314950980392157,0.09313725490196079,0.4852941176470588,0.34620098039215685,13.534938097000122
GT,sample_z384_y256_x256.npy,..\dataset\NPY\Bentheimer\sample_z384_y256_x256.npy,256x256x256,0.7457467913627625,0.25425320863723755,True,0.25399452447891235,34,3,1694,2589,3.0566706021251475,3.384313725490196,2.0,18,0.09681227863046045,0.33766233766233766,0.08264462809917356,0.48288075560802834,0.35596221959858326,16.052443027496338
GT,sample_z384_y256_x384.npy,..\dataset\NPY\Bentheimer\sample_z384_y256_x384.npy,256x256x256,0.7163161635398865,0.2836838364601135,True,0.2834165692329407,34,3,1529,2238,2.9274035317200786,3.318013343217198,2.0,32,0.11772400261608895,0.34924787442773053,0.09614126880313931,0.4368868541530412,0.3270111183780249,14.42571210861206
GT,sample_z384_y256_x512.npy,..\dataset\NPY\Bentheimer\sample_z384_y256_x512.npy,256x256x256,0.7037181854248047,0.2962818145751953,True,0.29601728916168213,34,3,1601,2352,2.9381636477201747,3.312676056338028,2.0,57,0.11305434103685197,0.3510306058713304,0.10306058713304185,0.43285446595877575,0.3235477826358526,14.403590202331543
GT,sample_z384_y256_x640.npy,..\dataset\NPY\Bentheimer\sample_z384_y256_x640.npy,256x256x256,0.7127896547317505,0.2872103452682495,True,0.28692930936813354,34,3,1564,2201,2.8145780051150897,3.19680464778504,2.0,31,0.11956521739130435,0.3567774936061381,0.09782608695652174,0.4258312020460358,0.30562659846547313,13.978908777236938
GT,sample_z384_y384_x0.npy,..\dataset\NPY\Bentheimer\sample_z384_y384_x0.npy,256x256x256,0.7507075667381287,0.24929243326187134,True,0.24911260604858398,34,3,1513,2155,2.8486450760079314,3.1254532269760698,2.0,29,0.08856576338400529,0.35426305353602117,0.12029081295439524,0.43688037012557834,0.3040317250495704,13.066792726516724
GT,sample_z384_y384_x128.npy,..\dataset\NPY\Bentheimer\sample_z384_y384_x128.npy,256x256x256,0.7576159238815308,0.24238407611846924,True,0.24218976497650146,34,3,1479,2195,2.9682217714672077,3.2566765578635013,2.0,17,0.08857336037863421,0.34617985125084516,0.0973630831643002,0.4678837052062204,0.33198106828938473,12.455178022384644
GT,sample_z384_y384_x256.npy,..\dataset\NPY\Bentheimer\sample_z384_y384_x256.npy,256x256x256,0.7398196458816528,0.26018035411834717,True,0.25994640588760376,34,3,1360,2005,2.948529411764706,3.327800829875519,2.0,19,0.11397058823529412,0.33897058823529413,0.08970588235294118,0.4573529411764706,0.33455882352941174,13.72580623626709
GT,sample_z384_y384_x384.npy,..\dataset\NPY\Bentheimer\sample_z384_y384_x384.npy,256x256x256,0.7325296998023987,0.2674703001976013,True,0.2672266364097595,34,3,1427,2005,2.810091100210231,3.202875399361022,2.0,38,0.12263489838822705,0.34267694463910303,0.11142256482130343,0.4232655921513665,0.31254379817799577,13.44313907623291
GT,sample_z384_y384_x512.npy,..\dataset\NPY\Bentheimer\sample_z384_y384_x512.npy,256x256x256,0.7355064153671265,0.26449358463287354,True,0.26425254344940186,34,3,1397,1927,2.7587687902648534,3.17986798679868,2.0,30,0.1324266284896206,0.34216177523264135,0.11023622047244094,0.41517537580529706,0.30851825340014316,13.012049436569214
GT,sample_z384_y384_x640.npy,..\dataset\NPY\Bentheimer\sample_z384_y384_x640.npy,256x256x256,0.7322399616241455,0.2677600383758545,True,0.26749950647354126,34,3,1339,1776,2.652725914861837,3.0489270386266094,1.0,19,0.1299477221807319,0.3719193427931292,0.09634055265123226,0.40179238237490666,0.2830470500373413,13.637752771377563
GT,sample_z384_y512_x0.npy,..\dataset\NPY\Bentheimer\sample_z384_y512_x0.npy,256x256x256,0.7515190243721008,0.24848097562789917,True,0.24829542636871338,34,3,1397,2017,2.887616320687187,3.141744548286604,2.0,32,0.08088761632068718,0.33786685755189694,0.1152469577666428,0.4659985683607731,0.3278453829634932,13.230250120162964
GT,sample_z384_y512_x128.npy,..\dataset\NPY\Bentheimer\sample_z384_y512_x128.npy,256x256x256,0.7436851859092712,0.25631481409072876,True,0.25612133741378784,34,3,1487,2271,3.054472091459314,3.3201754385964914,2.0,24,0.08002689979825152,0.32683254875588436,0.1089441829186281,0.484196368527236,0.3530598520511096,14.26540493965149
GT,sample_z384_y512_x256.npy,..\dataset\NPY\Bentheimer\sample_z384_y512_x256.npy,256x256x256,0.7332240343093872,0.2667759656906128,True,0.2665618062019348,34,3,1431,2167,3.028651292802236,3.3753894080996885,2.0,23,0.10272536687631027,0.33193570929419985,0.10831586303284417,0.4570230607966457,0.3424178895877009,14.281834602355957
GT,sample_z384_y512_x384.npy,..\dataset\NPY\Bentheimer\sample_z384_y512_x384.npy,256x256x256,0.7218709588050842,0.27812904119491577,True,0.2778966426849365,34,3,1466,2120,2.892223738062756,3.2565284178187404,2.0,22,0.11186903137789904,0.34106412005457026,0.10709413369713507,0.43997271487039563,0.3294679399727149,13.966822385787964
GT,sample_z384_y512_x512.npy,..\dataset\NPY\Bentheimer\sample_z384_y512_x512.npy,256x256x256,0.7313961982727051,0.2686038017272949,True,0.2683557868003845,34,3,1386,1868,2.6955266955266954,3.0850536746490502,2.0,24,0.12626262626262627,0.3499278499278499,0.11255411255411256,0.41125541125541126,0.30808080808080807,13.996739625930786
GT,sample_z384_y512_x640.npy,..\dataset\NPY\Bentheimer\sample_z384_y512_x640.npy,256x256x256,0.7141855359077454,0.28581446409225464,True,0.28555089235305786,34,3,1286,1759,2.735614307931571,3.1608265947888587,2.0,34,0.13452566096423016,0.35069984447900465,0.1088646967340591,0.4059097978227061,0.29937791601866254,13.816666603088379
GT,sample_z384_y640_x0.npy,..\dataset\NPY\Bentheimer\sample_z384_y640_x0.npy,256x256x256,0.764248251914978,0.23575174808502197,True,0.23554039001464844,34,3,1292,1816,2.8111455108359134,3.036789297658863,2.0,52,0.07430340557275542,0.34907120743034054,0.12461300309597523,0.4520123839009288,0.3080495356037152,13.55620527267456
GT,sample_z384_y640_x128.npy,..\dataset\NPY\Bentheimer\sample_z384_y640_x128.npy,256x256x256,0.7401031255722046,0.2598968744277954,True,0.25969016551971436,34,3,1523,2283,2.9980302035456337,3.252136752136752,2.0,46,0.07813525935653316,0.3335521996060407,0.10833880499015101,0.4799737360472751,0.33946158896913986,14.467895269393921
GT,sample_z384_y640_x256.npy,..\dataset\NPY\Bentheimer\sample_z384_y640_x256.npy,256x256x256,0.7421159744262695,0.25788402557373047,True,0.25768333673477173,34,3,1562,2300,2.9449423815621,3.2577903682719547,2.0,23,0.09603072983354674,0.3418693982074264,0.10435339308578745,0.45774647887323944,0.33418693982074266,14.082973003387451
GT,sample_z384_y640_x384.npy,..\dataset\NPY\Bentheimer\sample_z384_y640_x384.npy,256x256x256,0.7313066720962524,0.26869332790374756,True,0.2684571146965027,34,3,1403,1988,2.833927298645759,3.1858974358974357,2.0,22,0.1104775481111903,0.34853884533143265,0.1090520313613685,0.43193157519600855,0.3121881682109765,13.66792368888855
GT,sample_z384_y640_x512.npy,..\dataset\NPY\Bentheimer\sample_z384_y640_x512.npy,256x256x256,0.743455171585083,0.256544828414917,True,0.2562643885612488,34,3,1647,2299,2.7917425622343655,3.136425648021828,2.0,30,0.10989678202792957,0.331511839708561,0.12082574377656345,0.43776563448694594,0.30904675166970247,14.389247179031372
GT,sample_z384_y640_x640.npy,..\dataset\NPY\Bentheimer\sample_z384_y640_x640.npy,256x256x256,0.7228726744651794,0.27712732553482056,True,0.2768637537956238,34,3,1661,2381,2.8669476219145094,3.2262872628726287,2.0,32,0.11137868753762793,0.32691149909692957,0.11800120409391933,0.44370860927152317,0.3220951234196267,13.09985065460205
GT,sample_z512_y0_x0.npy,..\dataset\NPY\Bentheimer\sample_z512_y0_x0.npy,256x256x256,0.7388300895690918,0.2611699104309082,True,0.2609750032424927,34,3,1395,2027,2.9060931899641576,3.1597817614964927,2.0,28,0.08028673835125448,0.3720430107526882,0.11254480286738351,0.4351254480286738,0.32831541218637994,14.371665239334106
GT,sample_z512_y0_x128.npy,..\dataset\NPY\Bentheimer\sample_z512_y0_x128.npy,256x256x256,0.7393851280212402,0.26061487197875977,True,0.2603973150253296,34,3,1604,2335,2.9114713216957604,3.1964407939767283,2.0,28,0.08915211970074813,0.35286783042394015,0.11221945137157108,0.44576059850374067,0.3273067331670823,13.327492475509644
GT,sample_z512_y0_x256.npy,..\dataset\NPY\Bentheimer\sample_z512_y0_x256.npy,256x256x256,0.7515023350715637,0.24849766492843628,True,0.24825257062911987,34,3,1637,2417,2.9529627367135003,3.2508406186953596,2.0,25,0.0916310323762981,0.34941967012828345,0.10690287110568113,0.4520464263897373,0.32620647525962126,13.105564594268799
GT,sample_z512_y0_x384.npy,..\dataset\NPY\Bentheimer\sample_z512_y0_x384.npy,256x256x256,0.7437685132026672,0.25623148679733276,True,0.25597989559173584,34,3,1880,2763,2.9393617021276595,3.2240373395565927,2.0,24,0.08829787234042553,0.3558510638297872,0.10425531914893617,0.45159574468085106,0.3281914893617021,14.519124269485474
GT,sample_z512_y0_x512.npy,..\dataset\NPY\Bentheimer\sample_z512_y0_x512.npy,256x256x256,0.6995256543159485,0.3004743456840515,True,0.3002287745475769,34,3,1925,2758,2.8654545454545453,3.1810841983852365,2.0,46,0.09922077922077922,0.35948051948051946,0.10441558441558442,0.4368831168831169,0.31012987012987014,15.519738674163818
GT,sample_z512_y0_x640.npy,..\dataset\NPY\Bentheimer\sample_z512_y0_x640.npy,256x256x256,0.6843599081039429,0.31564009189605713,True,0.31539392471313477,34,3,1592,2153,2.7047738693467336,3.066951566951567,2.0,32,0.11809045226130653,0.375,0.1099246231155779,0.3969849246231156,0.27261306532663315,14.302945375442505
GT,sample_z512_y128_x0.npy,..\dataset\NPY\Bentheimer\sample_z512_y128_x0.npy,256x256x256,0.7307806611061096,0.2692193388938904,True,0.2690376043319702,34,3,1386,1949,2.8124098124098125,3.0741324921135647,2.0,25,0.08513708513708514,0.3787878787878788,0.10894660894660894,0.42712842712842713,0.30735930735930733,15.090734481811523
GT,sample_z512_y128_x128.npy,..\dataset\NPY\Bentheimer\sample_z512_y128_x128.npy,256x256x256,0.7410972118377686,0.25890278816223145,True,0.2587013840675354,34,3,1613,2310,2.864228146311221,3.1578947368421053,2.0,20,0.0929944203347799,0.3521388716676999,0.11035337879727217,0.444513329200248,0.3199008059516429,13.529515027999878
GT,sample_z512_y128_x256.npy,..\dataset\NPY\Bentheimer\sample_z512_y128_x256.npy,256x256x256,0.7488040924072266,0.25119590759277344,True,0.25095564126968384,34,3,1721,2575,2.992446252178966,3.29073482428115,2.0,23,0.0906449738524114,0.3410807669959326,0.10342823939570017,0.46484601975595585,0.3323649041255084,13.604594707489014
GT,sample_z512_y128_x384.npy,..\dataset\NPY\Bentheimer\sample_z512_y128_x384.npy,256x256x256,0.7160680294036865,0.2839319705963135,True,0.2837064266204834,34,3,1623,2472,3.0462107208872458,3.3956043956043955,2.0,27,0.10289587184226741,0.3438077634011091,0.0948860135551448,0.4584103512014787,0.33271719038817005,14.571339845657349
GT,sample_z512_y128_x512.npy,..\dataset\NPY\Bentheimer\sample_z512_y128_x512.npy,256x256x256,0.7108795046806335,0.28912049531936646,True,0.2888789772987366,34,3,1745,2500,2.865329512893983,3.2051282051282053,2.0,48,0.10601719197707736,0.36962750716332377,0.0991404011461318,0.42521489971346704,0.31060171919770774,14.1140718460083
GT,sample_z512_y128_x640.npy,..\dataset\NPY\Bentheimer\sample_z512_y128_x640.npy,256x256x256,0.7233399748802185,0.2766600251197815,True,0.2763864994049072,34,3,1592,2137,2.6846733668341707,3.033356990773598,2.0,33,0.11494974874371859,0.3743718592964824,0.1099246231155779,0.4007537688442211,0.29208542713567837,14.273478031158447
GT,sample_z512_y256_x0.npy,..\dataset\NPY\Bentheimer\sample_z512_y256_x0.npy,256x256x256,0.7254554629325867,0.27454453706741333,True,0.27437126636505127,34,3,1465,2325,3.174061433447099,3.4444444444444446,2.0,45,0.07849829351535836,0.34266211604095564,0.10034129692832765,0.4784982935153584,0.35221843003412967,12.912155866622925
GT,sample_z512_y256_x128.npy,..\dataset\NPY\Bentheimer\sample_z512_y256_x128.npy,256x256x256,0.7359301447868347,0.2640698552131653,True,0.26386499404907227,34,3,1632,2526,3.0955882352941178,3.3883299798792756,2.0,28,0.08639705882352941,0.3314950980392157,0.09681372549019608,0.4852941176470588,0.34987745098039214,13.306913375854492
GT,sample_z512_y256_x256.npy,..\dataset\NPY\Bentheimer\sample_z512_y256_x256.npy,256x256x256,0.7496643662452698,0.2503356337547302,True,0.2500951290130615,34,3,1638,2448,2.989010989010989,3.317073170731707,2.0,21,0.0989010989010989,0.3247863247863248,0.09462759462759462,0.4816849816849817,0.3437118437118437,14.550146102905273
GT,sample_z512_y256_x384.npy,..\dataset\NPY\Bentheimer\sample_z512_y256_x384.npy,256x256x256,0.7160463333129883,0.2839536666870117,True,0.28374457359313965,34,3,1452,2122,2.922865013774105,3.2975912975912975,2.0,42,0.11363636363636363,0.34366391184573003,0.1081267217630854,0.4345730027548209,0.31887052341597794,14.172731876373291
GT,sample_z512_y256_x512.npy,..\dataset\NPY\Bentheimer\sample_z512_y256_x512.npy,256x256x256,0.7057096362113953,0.29429036378860474,True,0.29407012462615967,34,3,1492,2095,2.8083109919571045,3.1718395155185464,2.0,49,0.1146112600536193,0.3719839142091153,0.10455764075067024,0.40884718498659517,0.3022788203753351,14.011736154556274
GT,sample_z512_y256_x640.npy,..\dataset\NPY\Bentheimer\sample_z512_y256_x640.npy,256x256x256,0.7268513441085815,0.27314865589141846,True,0.27289170026779175,34,3,1463,2000,2.734107997265892,3.1031807602792862,2.0,31,0.11893369788106631,0.367053998632946,0.1038961038961039,0.4101161995898838,0.29460013670539986,13.65034794807434
GT,sample_z512_y384_x0.npy,..\dataset\NPY\Bentheimer\sample_z512_y384_x0.npy,256x256x256,0.7334747910499573,0.2665252089500427,True,0.2663414478302002,34,3,1595,2440,3.0595611285266457,3.299526707234618,2.0,43,0.07272727272727272,0.3592476489028213,0.10344827586206896,0.464576802507837,0.33918495297805645,13.318899631500244
GT,sample_z512_y384_x128.npy,..\dataset\NPY\Bentheimer\sample_z512_y384_x128.npy,256x256x256,0.7447448372840881,0.25525516271591187,True,0.25505220890045166,34,3,1509,2264,3.0006626905235256,3.2883079157588964,2.0,27,0.0874751491053678,0.3465871438038436,0.09874088800530152,0.4671968190854871,0.3320079522862823,12.714730501174927
GT,sample_z512_y384_x256.npy,..\dataset\NPY\Bentheimer\sample_z512_y384_x256.npy,256x256x256,0.7562605142593384,0.24373948574066162,True,0.24350875616073608,34,3,1431,2081,2.9084556254367575,3.231366459627329,2.0,16,0.09993011879804332,0.33962264150943394,0.09643605870020965,0.4640111809923131,0.3389238294898672,13.742776870727539
GT,sample_z512_y384_x384.npy,..\dataset\NPY\Bentheimer\sample_z512_y384_x384.npy,256x256x256,0.7353322505950928,0.2646677494049072,True,0.26443564891815186,34,3,1495,2176,2.911036789297659,3.238095238095238,2.0,44,0.10100334448160535,0.34180602006688965,0.1117056856187291,0.4454849498327759,0.3357859531772575,13.6956946849823
GT,sample_z512_y384_x512.npy,..\dataset\NPY\Bentheimer\sample_z512_y384_x512.npy,256x256x256,0.7281607389450073,0.2718392610549927,True,0.27160805463790894,34,3,1427,2018,2.828311142256482,3.1905138339920946,2.0,38,0.11352487736510161,0.34688156972669937,0.10861948142957253,0.4309740714786265,0.3118430273300631,13.958807229995728
GT,sample_z512_y384_x640.npy,..\dataset\NPY\Bentheimer\sample_z512_y384_x640.npy,256x256x256,0.7315508723258972,0.2684491276741028,True,0.268205463886261,34,3,1366,1858,2.720351390922401,3.0966666666666667,2.0,23,0.12152269399707175,0.3762811127379209,0.09077598828696926,0.41142020497803805,0.2913616398243045,12.893703937530518
GT,sample_z512_y512_x0.npy,..\dataset\NPY\Bentheimer\sample_z512_y512_x0.npy,256x256x256,0.7486001253128052,0.2513998746871948,True,0.2512166500091553,34,3,1401,2060,2.940756602426838,3.1790123456790123,2.0,29,0.07494646680942184,0.35688793718772305,0.08850820842255532,0.4796573875802998,0.3461812990720914,12.425811290740967
GT,sample_z512_y512_x128.npy,..\dataset\NPY\Bentheimer\sample_z512_y512_x128.npy,256x256x256,0.7267676591873169,0.2732323408126831,True,0.2730323076248169,34,3,1431,2120,2.962962962962963,3.202416918429003,2.0,28,0.07477288609364081,0.3556953179594689,0.1090146750524109,0.4605171208944794,0.32005590496156533,14.222611665725708
GT,sample_z512_y512_x256.npy,..\dataset\NPY\Bentheimer\sample_z512_y512_x256.npy,256x256x256,0.7379817962646484,0.26201820373535156,True,0.26179081201553345,34,3,1553,2280,2.936252414681262,3.1955150665732304,2.0,27,0.08113329040566646,0.360592401802962,0.10624597553122987,0.45202833226014166,0.3200257566001288,14.67428207397461
GT,sample_z512_y512_x384.npy,..\dataset\NPY\Bentheimer\sample_z512_y512_x384.npy,256x256x256,0.7501413822174072,0.24985861778259277,True,0.24961137771606445,34,3,1635,2388,2.921100917431193,3.2183288409703503,2.0,19,0.09235474006116208,0.346177370030581,0.10091743119266056,0.46055045871559636,0.3308868501529052,13.681789636611938
GT,sample_z512_y512_x512.npy,..\dataset\NPY\Bentheimer\sample_z512_y512_x512.npy,256x256x256,0.7483256459236145,0.2516743540763855,True,0.2514348030090332,34,3,1543,2222,2.880103694102398,3.2273057371096585,2.0,23,0.10758263123784835,0.3311730395333765,0.11341542449773169,0.4478289047310434,0.32274789371354506,13.632030248641968
GT,sample_z512_y512_x640.npy,..\dataset\NPY\Bentheimer\sample_z512_y512_x640.npy,256x256x256,0.7434073090553284,0.25659269094467163,True,0.2563375234603882,34,3,1464,2037,2.7827868852459017,3.160589604344453,2.0,22,0.11953551912568305,0.3442622950819672,0.10860655737704918,0.4275956284153005,0.3005464480874317,13.588734865188599
GT,sample_z512_y640_x0.npy,..\dataset\NPY\Bentheimer\sample_z512_y640_x0.npy,256x256x256,0.7664008140563965,0.23359918594360352,True,0.23338842391967773,34,3,1368,1983,2.8991228070175437,3.1576433121019107,2.0,20,0.08187134502923976,0.34576023391812866,0.10014619883040936,0.4722222222222222,0.3399122807017544,12.713622093200684
GT,sample_z512_y640_x128.npy,..\dataset\NPY\Bentheimer\sample_z512_y640_x128.npy,256x256x256,0.7220771312713623,0.2779228687286377,True,0.27771705389022827,34,3,1537,2275,2.9603122966818476,3.19971870604782,2.0,38,0.07482108002602472,0.3597918022121015,0.09954456733897202,0.46584255042290174,0.33311646063760575,13.60898208618164
GT,sample_z512_y640_x256.npy,..\dataset\NPY\Bentheimer\sample_z512_y640_x256.npy,256x256x256,0.7284373044967651,0.27156269550323486,True,0.27134716510772705,34,3,1669,2451,2.93708807669263,3.2102161100196462,2.0,35,0.08508088675853805,0.35530257639304974,0.09886159376872379,0.46075494307968845,0.32953864589574594,13.75740098953247
GT,sample_z512_y640_x384.npy,..\dataset\NPY\Bentheimer\sample_z512_y640_x384.npy,256x256x256,0.749126136302948,0.250873863697052,True,0.25063109397888184,34,3,1611,2427,3.0130353817504654,3.313310580204778,2.0,29,0.09062693978895096,0.34761018001241467,0.09559279950341402,0.46617008069522037,0.34016139044072,12.853170156478882
GT,sample_z512_y640_x512.npy,..\dataset\NPY\Bentheimer\sample_z512_y640_x512.npy,256x256x256,0.7639058232307434,0.2360941767692566,True,0.2358238697052002,34,3,1889,2850,3.0174695606140816,3.325554259043174,2.0,29,0.092641609317099,0.3112758073054526,0.1254632080465855,0.4706193753308629,0.33986236103758605,14.745822429656982
GT,sample_z512_y640_x640.npy,..\dataset\NPY\Bentheimer\sample_z512_y640_x640.npy,256x256x256,0.7636892199516296,0.23631078004837036,True,0.23602020740509033,34,3,1893,2698,2.850501848917063,3.189125295508274,2.0,29,0.10618066561014262,0.31695721077654515,0.12731114632857898,0.44955097728473326,0.3201267828843106,14.880234241485596
GT,sample_z640_y0_x0.npy,..\dataset\NPY\Bentheimer\sample_z640_y0_x0.npy,256x256x256,0.7468275427818298,0.25317245721817017,True,0.2529675364494324,34,3,1551,2396,3.089619600257898,3.3440334961618983,2.0,26,0.07607994842037395,0.3365570599613153,0.10702772404900064,0.4803352675693101,0.3610573823339781,13.696664094924927
GT,sample_z640_y0_x128.npy,..\dataset\NPY\Bentheimer\sample_z640_y0_x128.npy,256x256x256,0.7466963529586792,0.2533036470413208,True,0.2530825138092041,34,3,1610,2429,3.017391304347826,3.3160409556313994,2.0,26,0.09006211180124224,0.3347826086956522,0.1062111801242236,0.468944099378882,0.34596273291925467,13.039154052734375
GT,sample_z640_y0_x256.npy,..\dataset\NPY\Bentheimer\sample_z640_y0_x256.npy,256x256x256,0.7345786690711975,0.2654213309288025,True,0.26520252227783203,34,3,1520,2216,2.9157894736842107,3.2139231327048585,2.0,35,0.09276315789473684,0.3519736842105263,0.10460526315789474,0.4506578947368421,0.33092105263157895,14.287670850753784
GT,sample_z640_y0_x384.npy,..\dataset\NPY\Bentheimer\sample_z640_y0_x384.npy,256x256x256,0.7265480756759644,0.27345192432403564,True,0.2732040286064148,34,3,1591,2302,2.893777498428661,3.210599721059972,2.0,37,0.09868007542426147,0.3500942803268385,0.1049654305468259,0.4462602137020742,0.3192960402262728,14.761478662490845
GT,sample_z640_y0_x512.npy,..\dataset\NPY\Bentheimer\sample_z640_y0_x512.npy,256x256x256,0.7241615056991577,0.2758384943008423,True,0.2755544185638428,34,3,1744,2428,2.7844036697247705,3.1471160077770577,2.0,48,0.11525229357798165,0.3486238532110092,0.10321100917431193,0.4329128440366973,0.3125,15.444091320037842
GT,sample_z640_y0_x640.npy,..\dataset\NPY\Bentheimer\sample_z640_y0_x640.npy,256x256x256,0.7175962924957275,0.28240370750427246,True,0.28211939334869385,34,3,1787,2467,2.761052042529379,3.1227848101265825,2.0,38,0.11583659764969222,0.35982092893116957,0.09904868494683827,0.4252937884722999,0.302182428651371,15.055243015289307
GT,sample_z640_y128_x0.npy,..\dataset\NPY\Bentheimer\sample_z640_y128_x0.npy,256x256x256,0.7338259220123291,0.2661740779876709,True,0.2659794092178345,34,3,1430,2209,3.0895104895104897,3.3622526636225265,2.0,26,0.08111888111888112,0.33356643356643356,0.1006993006993007,0.4846153846153846,0.3356643356643357,13.710683107376099
GT,sample_z640_y128_x128.npy,..\dataset\NPY\Bentheimer\sample_z640_y128_x128.npy,256x256x256,0.7392053008079529,0.2607946991920471,True,0.2605970501899719,34,3,1553,2374,3.0573084352865423,3.317959468902865,2.0,25,0.07855763039278815,0.33676754668383774,0.10495814552479073,0.47971667739858337,0.34642627173213136,13.222462892532349
GT,sample_z640_y128_x256.npy,..\dataset\NPY\Bentheimer\sample_z640_y128_x256.npy,256x256x256,0.7371929287910461,0.26280707120895386,True,0.2625824213027954,34,3,1616,2427,3.003712871287129,3.264290517821116,2.0,33,0.07982673267326733,0.3521039603960396,0.1021039603960396,0.4659653465346535,0.33910891089108913,14.414548397064209
GT,sample_z640_y128_x384.npy,..\dataset\NPY\Bentheimer\sample_z640_y128_x384.npy,256x256x256,0.71579909324646,0.28420090675354004,True,0.28395402431488037,34,3,1593,2344,2.942875078468299,3.2990851513019,2.0,37,0.10797237915881984,0.3370998116760829,0.09667294413057125,0.45825486503452606,0.32454488386691777,14.644761800765991
GT,sample_z640_y128_x512.npy,..\dataset\NPY\Bentheimer\sample_z640_y128_x512.npy,256x256x256,0.7255509495735168,0.27444905042648315,True,0.2741803526878357,34,3,1701,2352,2.765432098765432,3.161290322580645,2.0,27,0.12522045855379188,0.3509700176366843,0.09347442680776014,0.43033509700176364,0.31099353321575546,14.906718730926514
GT,sample_z640_y128_x640.npy,..\dataset\NPY\Bentheimer\sample_z640_y128_x640.npy,256x256x256,0.7330964207649231,0.2669035792350769,True,0.2666119933128357,34,3,1623,2224,2.74060382008626,3.0953375086986776,2.0,22,0.11460258780036968,0.36352433764633396,0.10104744300677758,0.4208256315465188,0.3006777572396796,14.005184650421143
GT,sample_z640_y256_x0.npy,..\dataset\NPY\Bentheimer\sample_z640_y256_x0.npy,256x256x256,0.7195571064949036,0.28044289350509644,True,0.28026849031448364,34,3,1369,2233,3.262235208181154,3.5444444444444443,2.0,38,0.07962016070124178,0.3338203067932798,0.09422936449963477,0.49233016800584367,0.36011687363038714,13.20961308479309
GT,sample_z640_y256_x128.npy,..\dataset\NPY\Bentheimer\sample_z640_y256_x128.npy,256x256x256,0.7358661890029907,0.2641338109970093,True,0.2639382481575012,34,3,1490,2313,3.104697986577181,3.389010989010989,2.0,27,0.08389261744966443,0.34630872483221475,0.09664429530201342,0.47315436241610737,0.35503355704697986,13.073145866394043
GT,sample_z640_y256_x256.npy,..\dataset\NPY\Bentheimer\sample_z640_y256_x256.npy,256x256x256,0.7476035952568054,0.2523964047431946,True,0.25216323137283325,34,3,1468,2154,2.9346049046321525,3.219730941704036,2.0,31,0.0885558583106267,0.3467302452316076,0.10626702997275204,0.45844686648501365,0.3310626702997275,13.69290542602539
GT,sample_z640_y256_x384.npy,..\dataset\NPY\Bentheimer\sample_z640_y256_x384.npy,256x256x256,0.7124497294425964,0.28755027055740356,True,0.2873344421386719,34,3,1483,2103,2.8361429534726903,3.162406015037594,2.0,41,0.10316925151719487,0.3526635198921106,0.11800404585300067,0.4261631827376939,0.29669588671611596,14.63605284690857
GT,sample_z640_y256_x512.npy,..\dataset\NPY\Bentheimer\sample_z640_y256_x512.npy,256x256x256,0.702490508556366,0.29750949144363403,True,0.29729604721069336,34,3,1506,2135,2.8353253652058434,3.2033008252063015,2.0,32,0.1148738379814077,0.3472775564409031,0.11221779548472775,0.4256308100929615,0.3094289508632138,14.39354658126831
GT,sample_z640_y256_x640.npy,..\dataset\NPY\Bentheimer\sample_z640_y256_x640.npy,256x256x256,0.7218647599220276,0.2781352400779724,True,0.27789562940597534,34,3,1567,2245,2.8653477983407787,3.218637992831541,2.0,25,0.10976388002552648,0.3503509891512444,0.10848755583918315,0.43139757498404596,0.3178047223994895,14.079866886138916
GT,sample_z640_y384_x0.npy,..\dataset\NPY\Bentheimer\sample_z640_y384_x0.npy,256x256x256,0.7023573517799377,0.29764264822006226,True,0.29745805263519287,34,3,1432,2225,3.107541899441341,3.378891419893698,2.0,36,0.08030726256983241,0.35963687150837986,0.10125698324022346,0.45879888268156427,0.34217877094972066,14.41003942489624
GT,sample_z640_y384_x128.npy,..\dataset\NPY\Bentheimer\sample_z640_y384_x128.npy,256x256x256,0.7377868294715881,0.26221317052841187,True,0.2620088458061218,34,3,1413,2103,2.976645435244161,3.293657008613939,2.0,30,0.09624911535739561,0.3453644727530078,0.10261854210898796,0.4557678697806086,0.33121019108280253,13.05189561843872
GT,sample_z640_y384_x256.npy,..\dataset\NPY\Bentheimer\sample_z640_y384_x256.npy,256x256x256,0.7732387185096741,0.22676128149032593,True,0.2265465259552002,34,3,1349,1852,2.7457375833951074,3.0385561936013126,2.0,19,0.09636767976278725,0.34840622683469236,0.10971089696071164,0.44551519644180876,0.3217197924388436,12.262537717819214
GT,sample_z640_y384_x384.npy,..\dataset\NPY\Bentheimer\sample_z640_y384_x384.npy,256x256x256,0.7575613260269165,0.2424386739730835,True,0.24221515655517578,34,3,1497,2067,2.7615230460921842,3.0486725663716814,2.0,40,0.09418837675350701,0.36138944555778224,0.10888443553774214,0.4355377421509686,0.31596526386105545,13.526852130889893
GT,sample_z640_y384_x512.npy,..\dataset\NPY\Bentheimer\sample_z640_y384_x512.npy,256x256x256,0.7351762652397156,0.2648237347602844,True,0.2645893692970276,34,3,1543,2219,2.876215165262476,3.202020202020202,2.0,35,0.101749837977965,0.34543097861309136,0.1101749837977965,0.4426441996111471,0.3208036292935839,14.24233865737915
GT,sample_z640_y384_x640.npy,..\dataset\NPY\Bentheimer\sample_z640_y384_x640.npy,256x256x256,0.7282946705818176,0.2717053294181824,True,0.2714448571205139,34,3,1542,2223,2.8832684824902723,3.2595307917888565,2.0,26,0.11543450064850844,0.3463035019455253,0.10505836575875487,0.43320363164721143,0.321011673151751,13.774633646011353
GT,sample_z640_y512_x0.npy,..\dataset\NPY\Bentheimer\sample_z640_y512_x0.npy,256x256x256,0.7210884690284729,0.2789115309715271,True,0.27872753143310547,34,3,1274,1890,2.967032967032967,3.2390745501285347,2.0,25,0.08398744113029827,0.3602825745682888,0.08398744113029827,0.4717425431711146,0.34301412872841447,13.56128215789795
GT,sample_z640_y512_x128.npy,..\dataset\NPY\Bentheimer\sample_z640_y512_x128.npy,256x256x256,0.7202745676040649,0.27972543239593506,True,0.27952760457992554,34,3,1321,1949,2.9507948523845573,3.2537562604340566,2.0,22,0.093111279333838,0.34065102195306585,0.10446631339894019,0.46177138531415596,0.323996971990916,14.103788614273071
GT,sample_z640_y512_x256.npy,..\dataset\NPY\Bentheimer\sample_z640_y512_x256.npy,256x256x256,0.7543483972549438,0.24565160274505615,True,0.24543464183807373,34,3,1487,2174,2.9240080699394753,3.2159763313609466,2.0,22,0.09078681909885676,0.32481506388702086,0.1183591123066577,0.4660390047074647,0.33221250840618693,14.44429349899292
GT,sample_z640_y512_x384.npy,..\dataset\NPY\Bentheimer\sample_z640_y512_x384.npy,256x256x256,0.7668527364730835,0.2331472635269165,True,0.23290115594863892,34,3,1593,2306,2.8951663527934715,3.213937282229965,2.0,22,0.09918392969240426,0.3389830508474576,0.10608913998744507,0.455743879472693,0.33207784055241685,13.21028757095337
GT,sample_z640_y512_x512.npy,..\dataset\NPY\Bentheimer\sample_z640_y512_x512.npy,256x256x256,0.7377193570137024,0.2622806429862976,True,0.26201921701431274,34,3,1640,2334,2.846341463414634,3.1950718685831623,2.0,24,0.10914634146341463,0.3402439024390244,0.10426829268292682,0.44634146341463415,0.3195121951219512,14.184674978256226
GT,sample_z640_y512_x640.npy,..\dataset\NPY\Bentheimer\sample_z640_y512_x640.npy,256x256x256,0.7376685738563538,0.26233142614364624,True,0.2620474696159363,34,3,1500,2027,2.7026666666666666,3.0550113036925395,2.0,27,0.11533333333333333,0.3566666666666667,0.11733333333333333,0.4106666666666667,0.2846666666666667,15.29028606414795
GT,sample_z640_y640_x0.npy,..\dataset\NPY\Bentheimer\sample_z640_y640_x0.npy,256x256x256,0.7410191893577576,0.25898081064224243,True,0.2587868571281433,34,3,1390,2030,2.920863309352518,3.2094861660079053,2.0,30,0.08992805755395683,0.3510791366906475,0.08920863309352518,0.4697841726618705,0.3424460431654676,12.845274448394775
GT,sample_z640_y640_x128.npy,..\dataset\NPY\Bentheimer\sample_z640_y640_x128.npy,256x256x256,0.7172132730484009,0.2827867269515991,True,0.2825995683670044,34,3,1470,2201,2.994557823129252,3.265578635014837,2.0,30,0.08299319727891157,0.35374149659863946,0.09319727891156462,0.47006802721088436,0.34217687074829933,13.258302927017212
GT,sample_z640_y640_x256.npy,..\dataset\NPY\Bentheimer\sample_z640_y640_x256.npy,256x256x256,0.750278651714325,0.24972134828567505,True,0.24949568510055542,34,3,1659,2506,3.021097046413502,3.3082508250825082,2.0,25,0.0867992766726944,0.3206751054852321,0.10669077757685352,0.48583484026522,0.352622061482821,13.463226318359375
GT,sample_z640_y640_x384.npy,..\dataset\NPY\Bentheimer\sample_z640_y640_x384.npy,256x256x256,0.7553681135177612,0.24463188648223877,True,0.24438685178756714,34,3,1698,2625,3.091872791519435,3.4068786502271253,2.0,29,0.09246171967020024,0.32567726737338043,0.0977620730270907,0.4840989399293286,0.3510011778563015,13.232454299926758
GT,sample_z640_y640_x512.npy,..\dataset\NPY\Bentheimer\sample_z640_y640_x512.npy,256x256x256,0.7345139980316162,0.2654860019683838,True,0.26524221897125244,34,3,1773,2657,2.997179921037789,3.33166144200627,2.0,29,0.10039481105470953,0.3248730964467005,0.1116751269035533,0.4630569655950367,0.33784545967287083,14.506810426712036
GT,sample_z640_y640_x640.npy,..\dataset\NPY\Bentheimer\sample_z640_y640_x640.npy,256x256x256,0.7416127920150757,0.2583872079849243,True,0.2581173777580261,34,3,1656,2261,2.7306763285024154,3.0845839017735335,2.0,29,0.11473429951690821,0.3351449275362319,0.1286231884057971,0.4214975845410628,0.2922705314009662,15.955620050430298
Gen,sample_000,..\samples\Bentheimer\resolution_256\phi_cond_samples\sample_000,256x256x256,0.28468596935272217,0.28468596935272217,False,0.28468596935272217,34,3,1313,2115,3.2216298552932217,3.2463545663852647,3.0,31,0.007616146230007616,0.357958872810358,0.12718964204112718,0.5072353389185073,0.3602437166793602,15.21051812171936
Gen,sample_001,..\samples\Bentheimer\resolution_256\phi_cond_samples\sample_001,256x256x256,0.2648531198501587,0.2648531198501587,False,0.2648531198501587,34,3,1309,2034,3.1077158135981664,3.1340523882896765,2.0,18,0.008403361344537815,0.36134453781512604,0.1497326203208556,0.4805194805194805,0.3407181054239878,15.173810720443726
Gen,sample_002,..\samples\Bentheimer\resolution_256\phi_cond_samples\sample_002,256x256x256,0.24676358699798584,0.24676358699798584,False,0.24676358699798584,34,3,1408,2210,3.1392045454545454,3.152639087018545,3.0,18,0.004261363636363636,0.33948863636363635,0.1434659090909091,0.5127840909090909,0.36079545454545453,15.170759201049805
Gen,sample_003,..\samples\Bentheimer\resolution_256\phi_cond_samples\sample_003,256x256x256,0.2988256812095642,0.2988256812095642,False,0.2988256812095642,34,3,1336,2170,3.248502994011976,3.2680722891566263,3.0,24,0.005988023952095809,0.3502994011976048,0.13248502994011976,0.5112275449101796,0.36751497005988026,15.756661415100098
Gen,sample_004,..\samples\Bentheimer\resolution_256\phi_cond_samples\sample_004,256x256x256,0.26125568151474,0.26125568151474,False,0.26125568151474,34,3,1307,1985,3.037490436113236,3.058551617873652,2.0,19,0.006885998469778117,0.35577658760520275,0.14613618974751338,0.4912012241775057,0.32364192807957154,15.589514970779419
Gen,sample_005,..\samples\Bentheimer\resolution_256\phi_cond_samples\sample_005,256x256x256,0.26932263374328613,0.26932263374328613,False,0.26932263374328613,34,3,1340,2148,3.2059701492537314,3.2131637995512343,2.0,20,0.002238805970149254,0.35895522388059703,0.13955223880597015,0.4992537313432836,0.35149253731343283,15.03038763999939
Gen,sample_006,..\samples\Bentheimer\resolution_256\phi_cond_samples\sample_006,256x256x256,0.2878565788269043,0.2878565788269043,False,0.2878565788269043,34,3,1339,2085,3.114264376400299,3.1353383458646618,2.0,20,0.006721433905899925,0.3554891710231516,0.15235250186706498,0.4854368932038835,0.33607169529499625,16.173134088516235
Gen,sample_007,..\samples\Bentheimer\resolution_256\phi_cond_samples\sample_007,256x256x256,0.249891996383667,0.249891996383667,False,0.249891996383667,34,3,1291,1944,3.011618900077459,3.0327613104524183,3.0,17,0.006971340046475601,0.3439194422927963,0.14794732765298219,0.5011618900077459,0.3245546088303641,15.030254125595093
Gen,sample_008,..\samples\Bentheimer\resolution_256\phi_cond_samples\sample_008,256x256x256,0.2601911425590515,0.2601911425590515,False,0.26019006967544556,34,3,1366,2196,3.2152269399707176,3.241328413284133,3.0,22,0.008052708638360176,0.34480234260614934,0.12884333821376281,0.5183016105417276,0.3689604685212299,15.02558445930481
Gen,sample_009,..\samples\Bentheimer\resolution_256\phi_cond_samples\sample_009,256x256x256,0.27638936042785645,0.27638936042785645,False,0.27638936042785645,34,3,1253,1987,3.171588188347965,3.1868484362469927,3.0,17,0.004788507581803671,0.3455706304868316,0.1452513966480447,0.5043894652833201,0.35195530726256985,15.463673830032349
Gen,sample_010,..\samples\Bentheimer\resolution_256\phi_cond_samples\sample_010,256x256x256,0.28157925605773926,0.28157925605773926,False,0.28157925605773926,34,3,1288,2066,3.2080745341614905,3.235708692247455,3.0,18,0.008540372670807454,0.3408385093167702,0.1358695652173913,0.514751552795031,0.3532608695652174,14.935815334320068
Gen,sample_011,..\samples\Bentheimer\resolution_256\phi_cond_samples\sample_011,256x256x256,0.21408408880233765,0.21408408880233765,False,0.2140827178955078,34,3,1376,2007,2.917151162790698,2.940659340659341,2.0,16,0.007994186046511628,0.34738372093023256,0.1693313953488372,0.4752906976744186,0.313953488372093,14.514938116073608
Gen,sample_012,..\samples\Bentheimer\resolution_256\phi_cond_samples\sample_012,256x256x256,0.2606198191642761,0.2606198191642761,False,0.2606198191642761,34,3,1225,1872,3.0563265306122447,3.0789473684210527,2.0,16,0.007346938775510204,0.35428571428571426,0.1526530612244898,0.4857142857142857,0.32571428571428573,15.299041032791138
Gen,sample_013,..\samples\Bentheimer\resolution_256\phi_cond_samples\sample_013,256x256x256,0.2728586792945862,0.2728586792945862,False,0.2728586792945862,34,3,1330,2104,3.1639097744360902,3.171062547098719,3.0,20,0.002255639097744361,0.3383458646616541,0.15639097744360902,0.5030075187969925,0.3511278195488722,15.717071533203125
Gen,sample_014,..\samples\Bentheimer\resolution_256\phi_cond_samples\sample_014,256x256x256,0.28383898735046387,0.28383898735046387,False,0.28383898735046387,34,3,1324,2150,3.2477341389728096,3.2649962034927866,3.0,22,0.005287009063444109,0.3474320241691843,0.13670694864048338,0.5105740181268882,0.3580060422960725,15.727495193481445
Gen,sample_015,..\samples\Bentheimer\resolution_256\phi_cond_samples\sample_015,256x256x256,0.27753716707229614,0.27753716707229614,False,0.27753710746765137,34,3,1356,2108,3.1091445427728615,3.1322436849925706,2.0,22,0.007374631268436578,0.35988200589970504,0.13938053097345132,0.49336283185840707,0.3355457227138643,15.693605422973633
Gen,sample_016,..\samples\Bentheimer\resolution_256\phi_cond_samples\sample_016,256x256x256,0.2543599605560303,0.2543599605560303,False,0.2543596625328064,34,3,1362,2116,3.1071953010279003,3.1278640059127865,2.0,23,0.006607929515418502,0.35609397944199705,0.1512481644640235,0.48604992657856094,0.34287812041116006,15.352930784225464
Gen,sample_017,..\samples\Bentheimer\resolution_256\phi_cond_samples\sample_017,256x256x256,0.2699490189552307,0.2699490189552307,False,0.2699490189552307,34,3,1297,2076,3.2012336160370083,3.218604651162791,3.0,23,0.005397070161912105,0.3454124903623747,0.1395528141865844,0.5096376252891287,0.3415574402467232,15.111215353012085
Gen,sample_018,..\samples\Bentheimer\resolution_256\phi_cond_samples\sample_018,256x256x256,0.24669033288955688,0.24669033288955688,False,0.24669033288955688,34,3,1418,2274,3.2073342736248236,3.2301136363636362,3.0,21,0.007052186177715092,0.3328631875881523,0.1466854724964739,0.5133991537376587,0.35684062059238364,15.488952398300171
Gen,sample_019,..\samples\Bentheimer\resolution_256\phi_cond_samples\sample_019,256x256x256,0.24798190593719482,0.24798190593719482,False,0.247979998588562,34,3,1359,2047,3.0125091979396617,3.02140221402214,2.0,25,0.0029433406916850625,0.351729212656365,0.16335540838852097,0.481972038263429,0.3208241353936718,15.139317274093628
Gen,sample_020,..\samples\Bentheimer\resolution_256\phi_cond_samples\sample_020,256x256x256,0.2648882269859314,0.2648882269859314,False,0.2648882269859314,34,3,1380,2186,3.1681159420289857,3.1796363636363636,3.0,21,0.0036231884057971015,0.34347826086956523,0.14855072463768115,0.5043478260869565,0.34782608695652173,15.018629789352417
Gen,sample_021,..\samples\Bentheimer\resolution_256\phi_cond_samples\sample_021,256x256x256,0.2784714698791504,0.2784714698791504,False,0.2784714698791504,34,3,1328,2153,3.2424698795180724,3.2522658610271904,3.0,22,0.0030120481927710845,0.34789156626506024,0.13403614457831325,0.5150602409638554,0.3689759036144578,15.28594446182251
Gen,sample_022,..\samples\Bentheimer\resolution_256\phi_cond_samples\sample_022,256x256x256,0.24668043851852417,0.24668043851852417,False,0.24668043851852417,34,3,1342,2073,3.089418777943368,3.107946026986507,2.0,22,0.005961251862891207,0.3390461997019374,0.15946348733233978,0.49552906110283157,0.3502235469448584,15.12862229347229
Gen,sample_023,..\samples\Bentheimer\resolution_256\phi_cond_samples\sample_023,256x256x256,0.2738768458366394,0.2738768458366394,False,0.2738768458366394,34,3,1278,1995,3.1220657276995305,3.1367924528301887,2.0,16,0.004694835680751174,0.3568075117370892,0.14084507042253522,0.49765258215962443,0.35289514866979654,15.71303391456604
Gen,sample_024,..\samples\Bentheimer\resolution_256\phi_cond_samples\sample_024,256x256x256,0.2657740116119385,0.2657740116119385,False,0.2657740116119385,34,3,1328,2001,3.01355421686747,3.029523088569266,2.0,18,0.005271084337349397,0.35768072289156627,0.14533132530120482,0.4917168674698795,0.32680722891566266,14.998889923095703
Gen,sample_025,..\samples\Bentheimer\resolution_256\phi_cond_samples\sample_025,256x256x256,0.27222347259521484,0.27222347259521484,False,0.27222150564193726,34,3,1294,1972,3.047913446676971,3.059736229635376,2.0,17,0.0038639876352395673,0.3670788253477589,0.1545595054095827,0.47449768160741884,0.33462132921174653,15.814603328704834
Gen,sample_026,..\samples\Bentheimer\resolution_256\phi_cond_samples\sample_026,256x256x256,0.26838499307632446,0.26838499307632446,False,0.26838499307632446,34,3,1327,2075,3.127354935945742,3.143939393939394,2.0,21,0.0052750565184626974,0.37226827430293896,0.14167294649585532,0.48078372268274305,0.33911077618688773,15.44806718826294
Gen,sample_027,..\samples\Bentheimer\resolution_256\phi_cond_samples\sample_027,256x256x256,0.2739101052284241,0.2739101052284241,False,0.2739101052284241,34,3,1318,2077,3.1517450682852806,3.170992366412214,3.0,23,0.006069802731411229,0.33763277693474963,0.15250379362670713,0.503793626707132,0.34294385432473445,15.573645114898682
Gen,sample_028,..\samples\Bentheimer\resolution_256\phi_cond_samples\sample_028,256x256x256,0.26329314708709717,0.26329314708709717,False,0.26329314708709717,34,3,1344,2097,3.1205357142857144,3.141573033707865,2.0,22,0.006696428571428571,0.34970238095238093,0.15178571428571427,0.49181547619047616,0.34375,15.621389150619507
Gen,sample_029,..\samples\Bentheimer\resolution_256\phi_cond_samples\sample_029,256x256x256,0.2679702639579773,0.2679702639579773,False,0.2679702639579773,34,3,1301,2051,3.1529592621060725,3.170015455950541,3.0,25,0.005380476556495004,0.36664104534973097,0.12682551883166795,0.5011529592621061,0.3481936971560338,14.87209153175354
Gen,sample_030,..\samples\Bentheimer\resolution_256\phi_cond_samples\sample_030,256x256x256,0.25014567375183105,0.25014567375183105,False,0.25014567375183105,34,3,1357,2105,3.1024318349299924,3.13944817300522,2.0,16,0.011790714812085483,0.35003684598378776,0.1658069270449521,0.47236551215917466,0.3316138540899042,15.210536241531372
Gen,sample_031,..\samples\Bentheimer\resolution_256\phi_cond_samples\sample_031,256x256x256,0.26498425006866455,0.26498425006866455,False,0.26498425006866455,34,3,1280,2023,3.1609375,3.168363351605325,2.0,23,0.00234375,0.34765625,0.153125,0.496875,0.340625,14.91538953781128
Gen,sample_032,..\samples\Bentheimer\resolution_256\phi_cond_samples\sample_032,256x256x256,0.2839853763580322,0.2839853763580322,False,0.2839853763580322,34,3,1289,2002,3.1062839410395657,3.1208106001558846,2.0,30,0.004654771140418929,0.3785880527540729,0.14197051978277736,0.4747866563227308,0.33824670287044223,15.184361457824707
Gen,sample_033,..\samples\Bentheimer\resolution_256\phi_cond_samples\sample_033,256x256x256,0.25288403034210205,0.25288403034210205,False,0.25288403034210205,34,3,1390,2178,3.1338129496402876,3.1451263537906136,3.0,19,0.0035971223021582736,0.33309352517985613,0.1474820143884892,0.5158273381294964,0.3460431654676259,15.473483562469482
Gen,sample_034,..\samples\Bentheimer\resolution_256\phi_cond_samples\sample_034,256x256x256,0.301521360874176,0.301521360874176,False,0.301521360874176,34,3,1270,2109,3.321259842519685,3.3291239147592737,3.0,23,0.002362204724409449,0.35826771653543305,0.12755905511811025,0.5118110236220472,0.3653543307086614,15.299876928329468
Gen,sample_035,..\samples\Bentheimer\resolution_256\phi_cond_samples\sample_035,256x256x256,0.270208477973938,0.270208477973938,False,0.270208477973938,34,3,1362,2137,3.1380323054331867,3.1449595290654893,3.0,17,0.0022026431718061676,0.36123348017621143,0.13069016152716592,0.5058737151248165,0.3458149779735683,15.581034898757935
Gen,sample_036,..\samples\Bentheimer\resolution_256\phi_cond_samples\sample_036,256x256x256,0.26657140254974365,0.26657140254974365,False,0.26657140254974365,34,3,1375,2176,3.165090909090909,3.197648787656135,3.0,19,0.010181818181818183,0.3301818181818182,0.14472727272727273,0.5149090909090909,0.3549090909090909,15.378459453582764
Gen,sample_037,..\samples\Bentheimer\resolution_256\phi_cond_samples\sample_037,256x256x256,0.258761465549469,0.258761465549469,False,0.258761465549469,34,3,1392,2174,3.1235632183908044,3.1416184971098264,3.0,21,0.005747126436781609,0.35272988505747127,0.13936781609195403,0.5021551724137931,0.35272988505747127,15.386616468429565
Gen,sample_038,..\samples\Bentheimer\resolution_256\phi_cond_samples\sample_038,256x256x256,0.27093881368637085,0.27093881368637085,False,0.27093803882598877,34,3,1289,2042,3.168347556245151,3.1831644583008574,3.0,22,0.004654771140418929,0.33204034134988364,0.15748642358417378,0.5058184639255237,0.3475562451512801,15.011427640914917
Gen,sample_039,..\samples\Bentheimer\resolution_256\phi_cond_samples\sample_039,256x256x256,0.2662191390991211,0.2662191390991211,False,0.2662191390991211,34,3,1272,1995,3.1367924528301887,3.1566455696202533,2.0,26,0.006289308176100629,0.3490566037735849,0.14779874213836477,0.4968553459119497,0.34040880503144655,14.721330165863037
Gen,sample_040,..\samples\Bentheimer\resolution_256\phi_cond_samples\sample_040,256x256x256,0.2658553719520569,0.2658553719520569,False,0.2658553719520569,34,3,1294,1965,3.0370942812983,3.051242236024845,2.0,26,0.00463678516228748,0.357032457496136,0.1615146831530139,0.4768160741885626,0.3268933539412674,14.471580743789673
Gen,sample_041,..\samples\Bentheimer\resolution_256\phi_cond_samples\sample_041,256x256x256,0.2720906138420105,0.2720906138420105,False,0.2720906138420105,34,3,1440,2217,3.0791666666666666,3.085594989561587,2.0,21,0.0020833333333333333,0.3576388888888889,0.15763888888888888,0.4826388888888889,0.3388888888888889,16.24525022506714
Gen,sample_042,..\samples\Bentheimer\resolution_256\phi_cond_samples\sample_042,256x256x256,0.27045977115631104,0.27045977115631104,False,0.27045977115631104,34,3,1323,2062,3.1171579743008313,3.140898705255141,2.0,22,0.007558578987150416,0.36130007558578986,0.14134542705971279,0.4897959183673469,0.3424036281179138,15.173301219940186
Gen,sample_043,..\samples\Bentheimer\resolution_256\phi_cond_samples\sample_043,256x256x256,0.2626996636390686,0.2626996636390686,False,0.2626996636390686,34,3,1261,1949,3.091197462331483,3.1084529505582137,3.0,19,0.0055511498810467885,0.3259318001586043,0.16177636796193498,0.5067406819984139,0.34337827121332276,15.513005495071411
Gen,sample_044,..\samples\Bentheimer\resolution_256\phi_cond_samples\sample_044,256x256x256,0.2800455093383789,0.2800455093383789,False,0.2800455093383789,34,3,1235,2031,3.289068825910931,3.305126118795769,3.0,17,0.004858299595141701,0.33765182186234816,0.12631578947368421,0.5311740890688259,0.3797570850202429,15.815643787384033
Gen,sample_045,..\samples\Bentheimer\resolution_256\phi_cond_samples\sample_045,256x256x256,0.2685586214065552,0.2685586214065552,False,0.26855790615081787,34,3,1353,2120,3.1337767923133777,3.1641791044776117,2.0,22,0.009608277900960829,0.35772357723577236,0.13303769401330376,0.49963045084996305,0.36215816703621584,14.829701662063599
Gen,sample_046,..\samples\Bentheimer\resolution_256\phi_cond_samples\sample_046,256x256x256,0.2549026608467102,0.2549026608467102,False,0.2549026608467102,34,3,1361,2084,3.062454077883909,3.069219440353461,2.0,19,0.002204261572373255,0.34827332843497427,0.1550330639235856,0.49448934606906686,0.3299044819985305,15.388339281082153
Gen,sample_047,..\samples\Bentheimer\resolution_256\phi_cond_samples\sample_047,256x256x256,0.2666727304458618,0.2666727304458618,False,0.2666727304458618,34,3,1305,2040,3.1264367816091956,3.143297380585516,3.0,18,0.0053639846743295016,0.3417624521072797,0.15095785440613027,0.5019157088122606,0.3586206896551724,16.611473560333252
Gen,sample_048,..\samples\Bentheimer\resolution_256\phi_cond_samples\sample_048,256x256x256,0.31166356801986694,0.31166356801986694,False,0.31166356801986694,34,3,1280,2118,3.309375,3.3275726630007854,3.0,21,0.00546875,0.34375,0.13203125,0.51875,0.3671875,16.335866928100586
Gen,sample_049,..\samples\Bentheimer\resolution_256\phi_cond_samples\sample_049,256x256x256,0.2738642692565918,0.2738642692565918,False,0.2738634943962097,34,3,1343,2100,3.1273268801191363,3.146067415730337,3.0,20,0.005956813104988831,0.3447505584512286,0.1325390915860015,0.5167535368577811,0.35443037974683544,15.844075441360474
Gen,sample_050,..\samples\Bentheimer\resolution_256\phi_cond_samples\sample_050,256x256x256,0.27267342805862427,0.27267342805862427,False,0.27267342805862427,34,3,1311,1996,3.0450038138825324,3.06605222734255,2.0,29,0.006864988558352402,0.35545385202135776,0.16323417238749047,0.4744469870327994,0.3287566742944317,15.61250638961792
Gen,sample_051,..\samples\Bentheimer\resolution_256\phi_cond_samples\sample_051,256x256x256,0.2937576174736023,0.2937576174736023,False,0.2937576174736023,34,3,1377,2295,3.3333333333333335,3.3454810495626823,3.0,20,0.0036310820624546117,0.34713144517066086,0.1270878721859114,0.5221496005809731,0.38271604938271603,17.00350856781006
Gen,sample_052,..\samples\Bentheimer\resolution_256\phi_cond_samples\sample_052,256x256x256,0.2611238360404968,0.2611238360404968,False,0.2611238360404968,34,3,1398,2191,3.13447782546495,3.1593366979091564,3.0,17,0.007868383404864092,0.3397711015736767,0.1452074391988555,0.5071530758226037,0.3447782546494993,15.308079481124878
Gen,sample_053,..\samples\Bentheimer\resolution_256\phi_cond_samples\sample_053,256x256x256,0.2597445845603943,0.2597445845603943,False,0.2597445845603943,34,3,1349,2146,3.1816160118606374,3.193452380952381,3.0,17,0.0037064492216456633,0.33432171979243885,0.13862120088954782,0.5233506300963677,0.3543365455893254,15.480982065200806
Gen,sample_054,..\samples\Bentheimer\resolution_256\phi_cond_samples\sample_054,256x256x256,0.25577229261398315,0.25577229261398315,False,0.25577229261398315,34,3,1323,2048,3.0959939531368104,3.10538286580743,3.0,18,0.0030234315948601664,0.35525321239606955,0.1398337112622827,0.5018896447467877,0.3401360544217687,14.999419689178467
Gen,sample_055,..\samples\Bentheimer\resolution_256\phi_cond_samples\sample_055,256x256x256,0.27538394927978516,0.27538394927978516,False,0.27538394927978516,34,3,1363,2116,3.1049156272927365,3.1209439528023597,2.0,20,0.005135730007336757,0.34849596478356565,0.15187087307410124,0.4944974321349963,0.33088774761555395,15.095038890838623
Gen,sample_056,..\samples\Bentheimer\resolution_256\phi_cond_samples\sample_056,256x256x256,0.3207167387008667,0.3207167387008667,False,0.3207162022590637,34,3,1265,2083,3.2932806324110673,3.2984956452889946,2.0,31,0.0015810276679841897,0.36047430830039523,0.14150197628458497,0.4964426877470356,0.35098814229249015,15.32176661491394
Gen,sample_057,..\samples\Bentheimer\resolution_256\phi_cond_samples\sample_057,256x256x256,0.2612025737762451,0.2612025737762451,False,0.2612025737762451,34,3,1365,2149,3.1487179487179486,3.1742983751846383,2.0,22,0.00805860805860806,0.3413919413919414,0.15897435897435896,0.49157509157509155,0.3457875457875458,15.073252201080322
Gen,sample_058,..\samples\Bentheimer\resolution_256\phi_cond_samples\sample_058,256x256x256,0.2676224112510681,0.2676224112510681,False,0.2676224112510681,34,3,1344,2180,3.244047619047619,3.261032161555722,3.0,18,0.005208333333333333,0.31919642857142855,0.1488095238095238,0.5267857142857143,0.35193452380952384,15.533787965774536
Gen,sample_059,..\samples\Bentheimer\resolution_256\phi_cond_samples\sample_059,256x256x256,0.23519188165664673,0.23519188165664673,False,0.23519188165664673,34,3,1288,1892,2.937888198757764,2.9539422326307574,2.0,21,0.005434782608695652,0.3734472049689441,0.14751552795031056,0.47360248447204967,0.3167701863354037,15.270798206329346
Gen,sample_060,..\samples\Bentheimer\resolution_256\phi_cond_samples\sample_060,256x256x256,0.2630910277366638,0.2630910277366638,False,0.2630910277366638,34,3,1322,2008,3.037821482602118,3.0563165905631657,2.0,18,0.006051437216338881,0.3441754916792738,0.16036308623298035,0.48940998487140697,0.31089258698940997,15.42085337638855
Gen,sample_061,..\samples\Bentheimer\resolution_256\phi_cond_samples\sample_061,256x256x256,0.28811514377593994,0.28811514377593994,False,0.28811508417129517,34,3,1349,2180,3.2320237212750187,3.236822568671121,2.0,24,0.0014825796886582653,0.3424759080800593,0.16604892512972572,0.4899925871015567,0.3491475166790215,15.673491954803467
Gen,sample_062,..\samples\Bentheimer\resolution_256\phi_cond_samples\sample_062,256x256x256,0.2491300106048584,0.2491300106048584,False,0.2491300106048584,34,3,1368,2079,3.039473684210526,3.0573529411764704,2.0,18,0.005847953216374269,0.347953216374269,0.1615497076023392,0.48464912280701755,0.3304093567251462,15.231995105743408
Gen,sample_063,..\samples\Bentheimer\resolution_256\phi_cond_samples\sample_063,256x256x256,0.23683375120162964,0.23683375120162964,False,0.2368336319923401,34,3,1387,2081,3.0007209805335258,3.029112081513828,2.0,19,0.009372746935832732,0.3460706560922855,0.1506849315068493,0.4938716654650324,0.3431867339581831,15.0202054977417
Gen,sample_064,..\samples\Bentheimer\resolution_256\phi_cond_samples\sample_064,256x256x256,0.27817612886428833,0.27817612886428833,False,0.27817612886428833,34,3,1225,1943,3.1722448979591835,3.1826371826371824,3.0,16,0.0032653061224489797,0.3510204081632653,0.1306122448979592,0.5151020408163265,0.3640816326530612,15.405295610427856
Gen,sample_065,..\samples\Bentheimer\resolution_256\phi_cond_samples\sample_065,256x256x256,0.2568303346633911,0.2568303346633911,False,0.25682908296585083,34,3,1302,2067,3.175115207373272,3.1873554356206633,3.0,21,0.0038402457757296467,0.34178187403993854,0.1443932411674347,0.5099846390168971,0.358678955453149,14.611371040344238
Gen,sample_066,..\samples\Bentheimer\resolution_256\phi_cond_samples\sample_066,256x256x256,0.2695891261100769,0.2695891261100769,False,0.2695876955986023,34,3,1375,2159,3.1403636363636362,3.151824817518248,2.0,22,0.0036363636363636364,0.3461818181818182,0.15563636363636363,0.49454545454545457,0.344,15.593754529953003
Gen,sample_067,..\samples\Bentheimer\resolution_256\phi_cond_samples\sample_067,256x256x256,0.2679891586303711,0.2679891586303711,False,0.2679891586303711,34,3,1281,2003,3.1272443403590944,3.1394984326018807,2.0,19,0.0039032006245121,0.3544106167056987,0.14910226385636222,0.492583918813427,0.3450429352068696,14.95979118347168
Gen,sample_068,..\samples\Bentheimer\resolution_256\phi_cond_samples\sample_068,256x256x256,0.27533721923828125,0.27533721923828125,False,0.2753360867500305,34,3,1332,2044,3.069069069069069,3.0806330067822154,2.0,24,0.0037537537537537537,0.3588588588588589,0.15090090090090091,0.4864864864864865,0.3385885885885886,15.501819133758545
Gen,sample_069,..\samples\Bentheimer\resolution_256\phi_cond_samples\sample_069,256x256x256,0.2841765880584717,0.2841765880584717,False,0.2841765880584717,34,3,1236,1892,3.0614886731391584,3.0814332247557004,2.0,21,0.006472491909385114,0.39158576051779936,0.12864077669902912,0.4733009708737864,0.33171521035598706,15.778699398040771
Gen,sample_070,..\samples\Bentheimer\resolution_256\phi_cond_samples\sample_070,256x256x256,0.26114922761917114,0.26114922761917114,False,0.26114922761917114,34,3,1374,2169,3.1572052401746724,3.164113785557987,3.0,27,0.002183406113537118,0.34425036390101893,0.14992721979621543,0.5036390101892285,0.3522561863173217,15.924574136734009
Gen,sample_071,..\samples\Bentheimer\resolution_256\phi_cond_samples\sample_071,256x256x256,0.2753922939300537,0.2753922939300537,False,0.2753922939300537,34,3,1366,2191,3.2079062957540265,3.224429727740986,2.5,20,0.005124450951683748,0.35651537335285505,0.1383601756954612,0.5,0.3601756954612006,16.55936074256897
Gen,sample_072,..\samples\Bentheimer\resolution_256\phi_cond_samples\sample_072,256x256x256,0.27146321535110474,0.27146321535110474,False,0.27146321535110474,34,3,1386,2227,3.2135642135642137,3.2416302765647744,3.0,25,0.008658008658008658,0.3362193362193362,0.1443001443001443,0.5108225108225108,0.36507936507936506,15.91640329360962
Gen,sample_073,..\samples\Bentheimer\resolution_256\phi_cond_samples\sample_073,256x256x256,0.3118928074836731,0.3118928074836731,False,0.3118928074836731,34,3,1293,2196,3.3967517401392113,3.4125874125874125,3.0,22,0.004640371229698376,0.33101314771848417,0.13766434648105183,0.5266821345707656,0.3866976024748647,16.04753279685974
Gen,sample_074,..\samples\Bentheimer\resolution_256\phi_cond_samples\sample_074,256x256x256,0.28004807233810425,0.28004807233810425,False,0.28004807233810425,34,3,1336,2185,3.2709580838323356,3.2783195798949736,3.0,18,0.002245508982035928,0.34505988023952094,0.125,0.5276946107784432,0.36676646706586824,14.970610618591309
Gen,sample_075,..\samples\Bentheimer\resolution_256\phi_cond_samples\sample_075,256x256x256,0.2776232361793518,0.2776232361793518,False,0.2776232361793518,34,3,1401,2246,3.206281227694504,3.2200716845878135,3.0,19,0.004282655246252677,0.3433261955745896,0.15060670949321914,0.5017844396859387,0.3526052819414704,15.690390825271606
Gen,sample_076,..\samples\Bentheimer\resolution_256\phi_cond_samples\sample_076,256x256x256,0.2627429962158203,0.2627429962158203,False,0.2627429962158203,34,3,1364,2121,3.1099706744868034,3.1329394387001477,3.0,23,0.007331378299120235,0.3357771260997067,0.14882697947214077,0.5080645161290323,0.35410557184750735,19.005190134048462
Gen,sample_077,..\samples\Bentheimer\resolution_256\phi_cond_samples\sample_077,256x256x256,0.25712311267852783,0.25712311267852783,False,0.25712311267852783,34,3,1366,2124,3.109809663250366,3.1258278145695364,2.0,28,0.005124450951683748,0.3579795021961933,0.14055636896046853,0.49633967789165445,0.3440702781844802,17.710201501846313
Gen,sample_078,..\samples\Bentheimer\resolution_256\phi_cond_samples\sample_078,256x256x256,0.2939559817314148,0.2939559817314148,False,0.2939559817314148,34,3,1287,2089,3.2463092463092464,3.25136186770428,3.0,20,0.001554001554001554,0.3644133644133644,0.1320901320901321,0.5019425019425019,0.36752136752136755,19.714364528656006
Gen,sample_079,..\samples\Bentheimer\resolution_256\phi_cond_samples\sample_079,256x256x256,0.30846065282821655,0.30846065282821655,False,0.30846065282821655,34,3,1279,2129,3.3291634089132134,3.344854673998429,3.0,17,0.004691164972634871,0.3502736512900704,0.12275215011727912,0.5222830336200156,0.3721657544956998,18.834089279174805
Gen,sample_080,..\samples\Bentheimer\resolution_256\phi_cond_samples\sample_080,256x256x256,0.257978618144989,0.257978618144989,False,0.257978618144989,34,3,1275,1984,3.112156862745098,3.1367588932806325,2.0,19,0.00784313725490196,0.35843137254901963,0.13647058823529412,0.4972549019607843,0.33647058823529413,20.365562915802002
Gen,sample_081,..\samples\Bentheimer\resolution_256\phi_cond_samples\sample_081,256x256x256,0.24124199151992798,0.24124199151992798,False,0.24124199151992798,34,3,1344,2006,2.9851190476190474,3.005243445692884,2.0,16,0.006696428571428571,0.34672619047619047,0.15922619047619047,0.48735119047619047,0.3244047619047619,20.37579083442688
Gen,sample_082,..\samples\Bentheimer\resolution_256\phi_cond_samples\sample_082,256x256x256,0.2942817807197571,0.2942817807197571,False,0.2942817807197571,34,3,1361,2242,3.2946362968405585,3.3141167775314115,3.0,20,0.005878030859662013,0.35488611315209406,0.12343864805290228,0.5157972079353417,0.36590742101396034,22.165168046951294
Gen,sample_083,..\samples\Bentheimer\resolution_256\phi_cond_samples\sample_083,256x256x256,0.2449432611465454,0.2449432611465454,False,0.24494165182113647,34,3,1350,2051,3.0385185185185186,3.063480209111277,2.0,23,0.008148148148148147,0.3451851851851852,0.15259259259259259,0.49407407407407405,0.3288888888888889,22.27556824684143
Gen,sample_084,..\samples\Bentheimer\resolution_256\phi_cond_samples\sample_084,256x256x256,0.2484341859817505,0.2484341859817505,False,0.2484341859817505,34,3,1318,1995,3.0273141122913505,3.05045871559633,2.0,17,0.007587253414264037,0.3490136570561457,0.16084977238239756,0.48254931714719274,0.3224582701062215,20.559459686279297
Gen,sample_085,..\samples\Bentheimer\resolution_256\phi_cond_samples\sample_085,256x256x256,0.26527339220046997,0.26527339220046997,False,0.26527178287506104,34,3,1379,2123,3.079042784626541,3.0902474526928674,2.0,23,0.0036258158085569255,0.34590282813633066,0.15736040609137056,0.49311094996374183,0.3335750543872371,21.585633039474487
Gen,sample_086,..\samples\Bentheimer\resolution_256\phi_cond_samples\sample_086,256x256x256,0.26900285482406616,0.26900285482406616,False,0.26900285482406616,34,3,1311,2035,3.1045003813882532,3.114001530221882,2.0,21,0.0030511060259344014,0.3707093821510298,0.14569031273836766,0.4805491990846682,0.34172387490465295,21.433902740478516
Gen,sample_087,..\samples\Bentheimer\resolution_256\phi_cond_samples\sample_087,256x256x256,0.26935815811157227,0.26935815811157227,False,0.26935815811157227,34,3,1309,2048,3.1291061879297173,3.1459293394777266,3.0,18,0.0053475935828877,0.3422459893048128,0.15049656226126815,0.5019098548510313,0.34988540870893814,21.091147661209106
Gen,sample_088,..\samples\Bentheimer\resolution_256\phi_cond_samples\sample_088,256x256x256,0.2615355849266052,0.2615355849266052,False,0.2615355849266052,34,3,1305,2041,3.1279693486590037,3.1472629144178876,3.0,22,0.006130268199233717,0.3471264367816092,0.1417624521072797,0.5049808429118774,0.3478927203065134,19.899394512176514
Gen,sample_089,..\samples\Bentheimer\resolution_256\phi_cond_samples\sample_089,256x256x256,0.25497180223464966,0.25497180223464966,False,0.25497061014175415,34,3,1426,2260,3.1697054698457223,3.1966053748231964,3.0,22,0.008415147265077139,0.3246844319775596,0.15568022440392706,0.5112201963534362,0.36746143057503505,20.31774640083313
Gen,sample_090,..\samples\Bentheimer\resolution_256\phi_cond_samples\sample_090,256x256x256,0.24741142988204956,0.24741142988204956,False,0.24741142988204956,34,3,1306,1954,2.992343032159265,3.00846805234796,2.0,19,0.005359877488514548,0.33996937212863704,0.16998468606431852,0.48468606431852984,0.3108728943338438,21.13756799697876
Gen,sample_091,..\samples\Bentheimer\resolution_256\phi_cond_samples\sample_091,256x256x256,0.2631623148918152,0.2631623148918152,False,0.2631620764732361,34,3,1288,2002,3.108695652173913,3.1135303265940903,2.0,21,0.0015527950310559005,0.35714285714285715,0.14285714285714285,0.4984472049689441,0.3253105590062112,20.195605516433716
Gen,sample_092,..\samples\Bentheimer\resolution_256\phi_cond_samples\sample_092,256x256x256,0.2638188600540161,0.2638188600540161,False,0.2638174295425415,34,3,1300,1968,3.0276923076923077,3.0464396284829722,2.0,18,0.006153846153846154,0.35846153846153844,0.15,0.48538461538461536,0.33076923076923076,20.158854722976685
Gen,sample_093,..\samples\Bentheimer\resolution_256\phi_cond_samples\sample_093,256x256x256,0.2758696675300598,0.2758696675300598,False,0.2758696675300598,34,3,1322,2121,3.208774583963691,3.238167938931298,3.0,22,0.009077155824508321,0.35325264750378216,0.13161875945537066,0.5060514372163388,0.3661119515885023,19.025412559509277
Gen,sample_094,..\samples\Bentheimer\resolution_256\phi_cond_samples\sample_094,256x256x256,0.2703465223312378,0.2703465223312378,False,0.2703465223312378,34,3,1372,2164,3.1545189504373177,3.1591240875912407,3.0,31,0.0014577259475218659,0.35058309037900875,0.14504373177842567,0.5029154518950437,0.3491253644314869,16.362334489822388
Gen,sample_095,..\samples\Bentheimer\resolution_256\phi_cond_samples\sample_095,256x256x256,0.2644984722137451,0.2644984722137451,False,0.2644984722137451,34,3,1323,2067,3.124716553287982,3.1509146341463414,2.0,20,0.008314436885865457,0.34467120181405897,0.14890400604686319,0.4981103552532124,0.34845049130763417,15.6912260055542
Gen,sample_096,..\samples\Bentheimer\resolution_256\phi_cond_samples\sample_096,256x256x256,0.24487441778182983,0.24487441778182983,False,0.24487441778182983,34,3,1483,2317,3.1247471341874578,3.137440758293839,3.0,23,0.004045853000674309,0.34996628455832773,0.13216453135536074,0.5138233310856373,0.3600809170600135,15.886986255645752
Gen,sample_097,..\samples\Bentheimer\resolution_256\phi_cond_samples\sample_097,256x256x256,0.24730968475341797,0.24730968475341797,False,0.24730968475341797,34,3,1281,1974,3.081967213114754,3.1135646687697163,3.0,21,0.01014832162373146,0.3255269320843091,0.16159250585480095,0.5027322404371585,0.34270101483216237,15.069325923919678
Gen,sample_098,..\samples\Bentheimer\resolution_256\phi_cond_samples\sample_098,256x256x256,0.25074684619903564,0.25074684619903564,False,0.25074684619903564,34,3,1365,2075,3.04029304029304,3.055964653902798,2.0,20,0.005128205128205128,0.3516483516483517,0.14871794871794872,0.4945054945054945,0.3238095238095238,14.974102258682251
Gen,sample_099,..\samples\Bentheimer\resolution_256\phi_cond_samples\sample_099,256x256x256,0.2712816596031189,0.2712816596031189,False,0.2712816596031189,34,3,1367,2166,3.168983174835406,3.1829537105069803,3.0,24,0.0043891733723482075,0.3408924652523775,0.14118507681053402,0.5135332845647403,0.3408924652523775,14.651869535446167
